animal,line,ptt,date,time,latitude,longitud,elong,lc94,nmess,weeddist,weedrate,weedboth,pick,duty,dutylocs,deltahr,nopc,iqx,iqy,nlocrank,distance,rate,azimuth,azimuth2,month,day,year,hour,minute,second,jd,jday,lat_p,lon_p,lat_a,lon_a,switch,first,latest,deployed,daysdply,dist2dply,azfrmdply,azfrmdply2,apbest,apfreq,gt120,dur,altitude,gmt_date,gmt_hour,gmt_min,gmt_sec,sen1,sen2,sen3,sen4,deploy,spp,thetime,colorname,sex,age,popid,icontype,ddmm,mmdd,deplylat,deplylon,exclude,solarhr,solarmn,solarda,solarmo,solaryr,sampsize
ex1,ex120170510:185900XDP,1,2017-05-10,18:59:00,35.535,-74.705,285.295,DP,0,0,0,0,1,0,0,0,0,5,0,80000.01,0,0,999,,5,10,2017,18,59,0,17130,130,35.535,-74.705,35.535,-74.705,1,1,0,5/10/2017,0,0,0,,0,0,0,0,0,5/10/2017,18,59,0,0,0,0,0,ex1-1,z.cavirostris,10MAY17:18:59:00,yellow,M,A,,circle,10_05,05_10,35.535,-74.705,1,14,0,10,5,2017,0
ex1,ex120170511:030038Z99,1,2017-05-11,3:00:38,35.471,-74.709,285.291,L0,6,1,0,0,0,2,4,8.03,2,5,8,5506.8,7.09,0.88,183.21,183.21,5,11,2017,3,0,38,17131,131,35.471,-74.709,30.135,-100.144,0,0,0,5/10/2017,1,7.09,183.21,183.21,-121,677574.7,0,117,0,5/11/2017,3,0,38,4,165,4,48,ex1-1,z.cavirostris,11MAY17:03:00:38,yellow,M,A,,circle,11_05,05_11,35.535,-74.705,0,22,1,10,5,2017,392
ex1,ex120170511:133506Z99,1,2017-05-11,13:35:06,35.548,-74.755,285.245,L0,9,1,0,0,1,2,4,10.57,3,6,8,5609.8,9.51,0.9,333.98,333.95,5,11,2017,13,35,6,17131,131,35.548,-74.755,27.867,-38.57,0,0,0,5/10/2017,1,4.8,287.76,287.73,-120,677659,0,130,0,5/11/2017,13,35,6,187,4,85,85,ex1-1,z.cavirostris,11MAY17:13:35:06,yellow,M,A,,circle,11_05,05_11,35.535,-74.705,0,8,36,11,5,2017,392
ex1,ex120170512:000437Z99,1,2017-05-12,0:04:37,35.369,-74.822,285.178,L0,11,1,0,0,0,3,11,10.49,3,5,8,5511.8,20.77,1.98,197.05,197.01,5,12,2017,0,4,37,17132,132,35.369,-74.822,31.603,-91.97,0,0,0,5/10/2017,2,21.26,210.11,210.05,-123,677574.4,0,199,0,5/12/2017,0,4,37,187,4,85,85,ex1-1,z.cavirostris,12MAY17:00:04:37,yellow,M,A,,circle,12_05,05_12,35.535,-74.705,0,19,5,11,5,2017,392
ex1,ex120170512:015014Z99,1,2017-05-12,1:50:14,35.352,-74.68,285.32,L1,9,1,0,0,1,3,11,1.76,3,5,0,10509,13.04,7.41,98.27,98.36,5,12,2017,1,50,14,17132,132,35.352,-74.68,36.78,-67.649,0,0,0,5/10/2017,2,20.41,173.7,173.72,-124,677586.1,0,174,0,5/12/2017,1,50,14,185,49,181,86,ex1-1,z.cavirostris,12MAY17:01:50:14,yellow,M,A,,circle,12_05,05_12,35.535,-74.705,0,20,51,11,5,2017,392
ex1,ex120170512:131437Z99,1,2017-05-12,13:14:37,35.455,-74.68,285.32,L0,6,1,0,0,0,3,11,11.41,2,5,8,5506.8,11.43,1,0,0,5,12,2017,13,14,37,17132,132,35.455,-74.68,25.693,-28.757,0,0,0,5/10/2017,2,9.13,165.84,165.85,-125,677670.4,0,127,0,5/12/2017,13,14,37,187,4,85,85,ex1-1,z.cavirostris,12MAY17:13:14:37,yellow,M,A,,circle,12_05,05_12,35.535,-74.705,0,8,15,12,5,2017,392
ex1,ex120170512:221404Z99,1,2017-05-12,22:14:04,35.327,-74.848,285.152,L0,9,1,0,0,0,3,11,8.99,3,5,0,5509,20.85,2.32,227.11,227.02,5,12,2017,22,14,4,17132,132,35.327,-74.848,43.166,-38.246,0,0,0,5/10/2017,2,26.48,209.49,209.41,-127,677586.4,0,201,0,5/12/2017,22,14,4,182,141,165,87,ex1-1,z.cavirostris,12MAY17:22:14:04,yellow,M,A,,circle,12_05,05_12,35.535,-74.705,0,17,14,12,5,2017,392
ex1,ex120170513:070759Z99,1,2017-05-13,7:07:59,35.108,-74.749,285.251,L0,6,1,0,0,1,4,9,8.9,3,5,0,5506,25.91,2.91,159.62,159.67,5,13,2017,7,7,59,17133,133,35.108,-74.749,25.806,-31.852,0,0,0,5/10/2017,3,47.53,184.88,184.86,-130,677499.4,0,137,0,5/13/2017,7,7,59,187,4,85,85,ex1-1,z.cavirostris,13MAY17:07:07:59,yellow,M,A,,circle,13_05,05_13,35.535,-74.705,0,2,8,13,5,2017,392
ex1,ex120170513:215914Z99,1,2017-05-13,21:59:14,35.131,-74.755,285.245,L0,6,1,0,0,0,4,9,14.85,1,5,0,5506,2.61,0.18,347.9,347.9,5,13,2017,21,59,14,17133,133,35.131,-74.755,43.825,-32.957,0,0,0,5/10/2017,3,45.04,185.85,185.82,-129,677646.5,0,169,0,5/13/2017,21,59,14,185,49,181,86,ex1-1,z.cavirostris,13MAY17:21:59:14,yellow,M,A,,circle,13_05,05_13,35.535,-74.705,0,17,0,13,5,2017,392
ex1,ex120170514:033321Z99,1,2017-05-14,3:33:21,34.908,-74.98,285.02,LA,3,1,0,1,1,5,5,5.57,2,0,8,3003.8,32.15,5.77,219.76,219.63,5,14,2017,3,33,21,17134,134,34.908,-74.98,26.1,-118.14,0,0,0,5/10/2017,4,73.92,199.9,199.75,-127,677713,0,69,0,5/14/2017,3,33,21,188,211,37,89,ex1-1,z.cavirostris,14MAY17:03:33:21,yellow,M,A,,circle,14_05,05_14,35.535,-74.705,0,22,33,13,5,2017,392
ex1,ex120170515:003840Z99,1,2017-05-15,0:38:40,34.885,-74.906,285.094,LA,3,1,0,1,1,6,10,21.09,1,0,8,3003.8,7.23,0.34,110.65,110.69,5,15,2017,0,38,40,17135,135,34.885,-74.906,23.675,-129.015,0,0,0,5/10/2017,5,74.39,194.33,194.21,-133,677686.6,0,105,0,5/15/2017,0,38,40,188,211,37,,ex1-1,z.cavirostris,15MAY17:00:38:40,yellow,M,A,,circle,15_05,05_15,35.535,-74.705,0,19,39,14,5,2017,392
ex1,ex120170516:114122Z99,1,2017-05-16,11:41:22,35.005,-74.98,285.02,L1,6,1,0,0,1,7,6,35.05,2,6,6,10606.6,14.93,0.43,333.1,333.06,5,16,2017,11,41,22,17136,136,35.005,-74.98,31.024,-56.447,0,0,0,5/10/2017,6,63.9,203.17,203.01,-121,677621.8,0,115,0,5/16/2017,11,41,22,182,249,53,94,ex1-1,z.cavirostris,16MAY17:11:41:22,yellow,M,A,,circle,16_05,05_16,35.535,-74.705,0,6,41,16,5,2017,392
ex1,ex120170516:142400Z99,1,2017-05-16,14:24:00,35.205,-74.905,285.095,LB,2,1,0,0,0,7,6,2.71,2,0,8,2002.8,23.22,8.56,17.11,17.15,5,16,2017,14,24,0,17136,136,35.205,-74.905,31.679,-60.796,0,0,0,5/10/2017,6,40.87,206.51,206.4,-128,677608.8,0,18,0,5/16/2017,14,24,0,178,186,245,92,ex1-1,z.cavirostris,16MAY17:14:24:00,yellow,M,A,,circle,16_05,05_16,35.535,-74.705,0,9,24,16,5,2017,392
ex1,ex120170517:005337Z99,1,2017-05-17,0:53:37,35.139,-74.822,285.178,L0,7,1,0,0,0,8,13,10.49,2,6,0,5607,10.53,1,134.06,134.1,5,17,2017,0,53,37,17137,137,35.139,-74.822,41.991,-40.921,0,0,0,5/10/2017,7,45.19,193.69,193.62,-122,677620.9,0,129,0,5/17/2017,0,53,37,182,231,165,96,ex1-1,z.cavirostris,17MAY17:00:53:37,yellow,M,A,,circle,17_05,05_17,35.535,-74.705,0,19,54,16,5,2017,392
ex1,ex120170517:102818Z99,1,2017-05-17,10:28:18,35.158,-74.765,285.235,L0,4,1,0,0,0,8,13,9.58,1,5,0,5504,5.61,0.59,67.89,67.93,5,17,2017,10,28,18,17137,137,28.423,-42.539,35.158,-74.765,1,0,0,5/10/2017,7,42.17,187.5,187.46,-125,677569.4,0,108,0,5/17/2017,10,28,18,50,65,149,92,ex1-1,z.cavirostris,17MAY17:10:28:18,yellow,M,A,,circle,17_05,05_17,35.535,-74.705,0,5,29,17,5,2017,392
ex1,ex120170517:131224Z99,1,2017-05-17,13:12:24,34.991,-74.965,285.035,L1,6,1,0,0,1,8,13,2.74,2,6,8,10606.8,26,9.51,224.61,224.5,5,17,2017,13,12,24,17137,137,34.991,-74.965,39.893,-98.827,0,0,0,5/10/2017,7,64.82,201.52,201.36,-127,677551.1,0,117,0,5/17/2017,13,12,24,182,231,165,96,ex1-1,z.cavirostris,17MAY17:13:12:24,yellow,M,A,,circle,17_05,05_17,35.535,-74.705,0,8,12,17,5,2017,392
ex1,ex120170517:232351Z99,1,2017-05-17,23:23:51,35,-74.993,285.007,L0,6,1,0,0,0,8,13,10.19,2,5,6,5506.6,2.74,0.27,291.34,291.33,5,17,2017,23,23,51,17137,137,35,-74.993,31.295,-93.161,0,0,0,5/10/2017,7,64.88,203.94,203.77,-121,677655.3,0,87,0,5/17/2017,23,23,51,189,89,245,94,ex1-1,z.cavirostris,17MAY17:23:23:51,yellow,M,A,,circle,17_05,05_17,35.535,-74.705,0,18,23,17,5,2017,392
ex1,ex120170518:012255Z99,1,2017-05-18,1:22:55,35.037,-75.08,284.92,L2,5,0,0,0,1,9,5,1.98,4,6,8,20605.8,8.94,4.5,297.36,297.31,5,18,2017,1,22,55,17138,138,35.037,-75.08,38.996,-55.68,0,0,0,5/10/2017,8,64.93,211.84,211.62,-131,677598.9,0,272,0,5/18/2017,1,22,55,181,91,71,98,ex1-1,z.cavirostris,18MAY17:01:22:55,yellow,M,A,,circle,18_05,05_18,35.535,-74.705,1,20,22,17,5,2017,392
ex1,ex120170518:075028Z99,1,2017-05-18,7:50:28,35.165,-74.968,285.032,L1,9,1,0,1,0,9,5,6.46,0,5,0,10509,17.49,2.71,35.69,35.75,5,18,2017,7,50,28,17138,138,30.167,-52.049,35.165,-74.968,1,0,0,5/10/2017,8,47.5,210.34,210.19,-129,677594.6,0,156,0,5/18/2017,7,50,28,187,85,229,97,ex1-1,z.cavirostris,18MAY17:07:50:28,yellow,M,A,,circle,18_05,05_18,35.535,-74.705,0,2,50,18,5,2017,392
ex1,ex120170519:204447Z99,1,2017-05-19,20:44:47,35.208,-75.035,284.965,L0,5,1,0,1,1,10,11,36.91,3,5,0,5505,7.75,0.21,308.04,308,5,19,2017,20,44,47,17139,139,29.476,-101.541,35.208,-75.035,1,0,0,5/10/2017,9,47.08,219.72,219.53,-132,677712,0,119,0,5/19/2017,20,44,47,191,225,229,100,ex1-1,z.cavirostris,19MAY17:20:44:47,yellow,M,A,,circle,19_05,05_19,35.535,-74.705,0,15,44,19,5,2017,392
ex1,ex120170520:203239Z99,1,2017-05-20,20:32:39,35.191,-74.926,285.074,L0,7,1,0,1,1,11,7,23.8,1,5,0,5507,10.1,0.42,100.73,100.79,5,20,2017,20,32,39,17140,140,30.653,-96.28,35.191,-74.926,1,0,0,5/10/2017,10,43.13,207.87,207.75,-129,677611.4,0,399,0,5/20/2017,20,32,39,61,160,255,241,ex1-1,z.cavirostris,20MAY17:20:32:39,yellow,M,A,,circle,20_05,05_20,35.535,-74.705,0,15,32,20,5,2017,392
ex1,ex120170521:002848Z99,1,2017-05-21,0:28:48,35.234,-74.891,285.109,L0,5,0,0,0,0,12,12,3.94,3,5,8,5505.8,5.74,1.46,33.73,33.75,5,21,2017,0,28,48,17141,141,35.234,-74.891,41.054,-105.074,0,0,0,5/10/2017,11,37.43,206.96,206.85,-126,677560.9,0,101,0,5/21/2017,0,28,48,51,97,245,96,ex1-1,z.cavirostris,21MAY17:00:28:48,yellow,M,A,,circle,21_05,05_21,35.535,-74.705,0,19,29,20,5,2017,392
ex1,ex120170521:024754Z99,1,2017-05-21,2:47:54,35.214,-74.88,285.12,L1,7,0,0,0,0,12,12,2.32,0,5,0,10507,2.43,1.05,155.71,155.71,5,21,2017,2,47,54,17141,141,30.761,-96.954,35.214,-74.88,1,0,0,5/10/2017,11,39,204.17,204.07,-122,677498.7,0,271,0,5/21/2017,2,47,54,183,211,245,103,ex1-1,z.cavirostris,21MAY17:02:47:54,yellow,M,A,,circle,21_05,05_21,35.535,-74.705,0,21,48,20,5,2017,392
ex1,ex120170521:085743Z99,1,2017-05-21,8:57:43,35.212,-74.918,285.082,L1,6,1,0,1,1,12,12,6.16,3,6,8,10606.8,3.47,0.56,266.34,266.32,5,21,2017,8,57,43,17141,141,35.212,-74.918,36.984,-83.303,0,0,0,5/10/2017,11,40.73,208.49,208.37,-122,677561.2,0,101,0,5/21/2017,8,57,43,4,173,32,142,ex1-1,z.cavirostris,21MAY17:08:57:43,yellow,M,A,,circle,21_05,05_21,35.535,-74.705,1,3,58,21,5,2017,392
ex1,ex120170521:120705Z99,1,2017-05-21,12:07:05,35.231,-74.906,285.094,L0,7,1,0,0,0,12,12,3.16,4,5,7,5507.7,2.37,0.75,27.39,27.4,5,21,2017,12,7,5,17141,141,35.231,-74.906,38.334,-89.901,0,0,0,5/10/2017,11,38.35,208.55,208.44,-121,677614.5,0,122,0,5/21/2017,12,7,5,182,226,245,102,ex1-1,z.cavirostris,21MAY17:12:07:05,yellow,M,A,,circle,21_05,05_21,35.535,-74.705,0,7,7,21,5,2017,392
ex1,ex120170523:195920Z99,1,2017-05-23,19:59:20,35.33,-74.858,285.142,L0,5,1,0,0,1,14,7,55.87,2,5,8,5505.8,11.82,0.21,21.67,21.7,5,23,2017,19,59,20,17143,143,35.33,-74.858,34.29,-79.702,0,0,0,5/10/2017,13,26.65,211.55,211.46,-122,677563.7,0,85,0,5/23/2017,19,59,20,176,108,69,110,ex1-1,z.cavirostris,23MAY17:19:59:20,yellow,M,A,,circle,23_05,05_23,35.535,-74.705,0,14,59,23,5,2017,392
ex1,ex120170524:001705Z99,1,2017-05-24,0:17:05,35.249,-75.06,284.94,L0,6,1,0,1,0,15,8,4.3,3,5,0,5506,20.45,4.76,244,243.88,5,24,2017,0,17,5,17144,144,35.249,-75.06,26.3,-116.711,0,0,0,5/10/2017,14,45.25,225.62,225.41,-128,677605.2,0,131,0,5/24/2017,0,17,5,4,5,112,4,ex1-1,z.cavirostris,24MAY17:00:17:05,yellow,M,A,,circle,24_05,05_24,35.535,-74.705,0,19,16,23,5,2017,392
ex1,ex120170524:114925Z98,1,2017-05-24,11:49:25,35.334,-75.058,284.942,L0,8,1,0,1,0,15,8,11.54,0,5,0,5508,9.43,0.82,1.1,1.11,5,24,2017,11,49,25,17144,144,35.334,-75.058,28.224,-109.307,0,0,0,5/10/2017,14,39.06,235.33,235.12,-129,677613.7,0,155,0,5/24/2017,11,49,25,181,49,165,108,ex1-1,z.cavirostris,24MAY17:11:49:25,yellow,M,A,,circle,24_05,05_24,35.535,-74.705,0,6,49,24,5,2017,392
ex1,ex120170524:132822Z99,1,2017-05-24,13:28:22,35.427,-74.925,285.075,L0,4,1,0,0,1,15,8,1.65,3,6,7,5604.7,15.89,9.63,49.47,49.55,5,24,2017,13,28,22,17144,144,35.427,-74.925,42.226,-107.12,0,0,0,5/10/2017,14,23.3,239.18,239.05,-127,677639.8,0,99,0,5/24/2017,13,28,22,178,58,5,107,ex1-1,z.cavirostris,24MAY17:13:28:22,yellow,M,A,,circle,24_05,05_24,35.535,-74.705,0,8,28,24,5,2017,392
ex1,ex120170524:235226Z99,1,2017-05-24,23:52:26,35.36,-74.936,285.064,L0,4,1,0,0,0,15,8,10.4,3,5,0,5504,7.5,0.72,187.66,187.65,5,24,2017,23,52,26,17144,144,35.36,-74.936,28.951,-104.913,0,0,0,5/10/2017,14,28.59,227.35,227.22,-128,677565.7,0,117,0,5/24/2017,23,52,26,48,182,53,102,ex1-1,z.cavirostris,24MAY17:23:52:26,yellow,M,A,,circle,24_05,05_24,35.535,-74.705,0,18,52,24,5,2017,392
ex1,ex120170525:022032Z99,1,2017-05-25,2:20:32,35.279,-74.865,285.135,L1,8,1,0,0,0,16,11,2.47,2,5,0,10508,11.07,4.48,144.29,144.33,5,25,2017,2,20,32,17145,145,35.279,-74.865,33.784,-82.249,0,0,0,5/10/2017,15,31.9,207.22,207.12,-126,677579,0,303,0,5/25/2017,2,20,32,181,49,165,108,ex1-1,z.cavirostris,25MAY17:02:20:32,yellow,M,A,,circle,25_05,05_25,35.535,-74.705,0,21,21,24,5,2017,392
ex1,ex120170525:095423Z99,1,2017-05-25,9:54:23,35.218,-75.062,284.938,L0,4,1,0,1,0,16,11,7.56,2,6,8,5604.8,19.16,2.53,249.38,249.26,5,25,2017,9,54,23,17145,145,35.218,-75.062,42.107,-109.205,0,0,0,5/10/2017,15,47.86,222.84,222.63,-132,677565.6,0,73,0,5/25/2017,9,54,23,176,108,69,110,ex1-1,z.cavirostris,25MAY17:09:54:23,yellow,M,A,,circle,25_05,05_25,35.535,-74.705,0,4,54,25,5,2017,392
ex1,ex120170525:131803Z99,1,2017-05-25,13:18:03,35.246,-75.076,284.924,LB,2,1,0,1,0,16,11,3.39,2,0,8,2002.8,3.36,0.99,337.7,337.69,5,25,2017,13,18,3,17145,145,35.246,-75.076,40.739,-101.476,0,0,0,5/10/2017,15,46.53,226.59,226.37,-132,677536.6,0,37,0,5/25/2017,13,18,3,190,194,117,111,ex1-1,z.cavirostris,25MAY17:13:18:03,yellow,M,A,,circle,25_05,05_25,35.535,-74.705,0,8,17,25,5,2017,392
ex1,ex120170525:225853Z99,1,2017-05-25,22:58:53,35.362,-74.795,285.205,L1,5,1,0,0,1,16,11,9.68,2,6,0,10605,28.61,2.96,63.19,63.35,5,25,2017,22,58,53,17145,145,35.362,-74.795,38.121,-61.499,0,0,0,5/10/2017,15,20.86,203.19,203.14,-124,677651.1,0,108,0,5/25/2017,22,58,53,190,217,21,110,ex1-1,z.cavirostris,25MAY17:22:58:53,yellow,M,A,,circle,25_05,05_25,35.535,-74.705,0,17,59,25,5,2017,392
ex1,ex120170526:024640Z99,1,2017-05-26,2:46:40,35.487,-74.709,285.291,L1,7,0,0,0,0,17,10,3.8,4,5,0,10507,15.92,4.19,29.36,29.41,5,26,2017,2,46,40,17146,146,35.487,-74.709,31.167,-95.644,0,0,0,5/10/2017,16,5.32,184.28,184.28,-117,677565.5,1,216,0,5/26/2017,2,46,40,190,153,245,113,ex1-1,z.cavirostris,26MAY17:02:46:40,yellow,M,A,,circle,26_05,05_26,35.535,-74.705,0,21,47,25,5,2017,392
ex1,ex120170526:075913Z99,1,2017-05-26,7:59:13,35.493,-74.681,285.319,L2,8,0,0,0,1,17,10,5.21,4,6,8,20608.8,2.63,0.5,75.31,75.33,5,26,2017,7,59,13,17146,146,35.493,-74.681,31.392,-55.858,0,0,0,5/10/2017,16,5.11,155.21,155.22,-124,677534.2,0,321,0,5/26/2017,7,59,13,184,16,213,115,ex1-1,z.cavirostris,26MAY17:07:59:13,yellow,M,A,,circle,26_05,05_26,35.535,-74.705,0,3,0,26,5,2017,392
ex1,ex120170527:083638Z99,1,2017-05-27,8:36:38,35.431,-74.646,285.354,LA,3,1,0,0,1,18,8,24.62,1,6,0,3603,7.58,0.31,155.2,155.22,5,27,2017,8,36,38,17147,147,35.431,-74.646,46.217,-17.565,0,0,0,5/10/2017,17,12.69,155.19,155.23,-138,677566.1,0,65,0,5/27/2017,8,36,38,178,213,5,114,ex1-1,z.cavirostris,27MAY17:08:36:38,yellow,M,A,,circle,27_05,05_27,35.535,-74.705,0,3,38,27,5,2017,392
ex1,ex120170528:073820Z99,1,2017-05-28,7:38:20,35.444,-74.599,285.401,L1,4,1,0,1,1,19,8,23.03,3,6,8,10604.8,4.5,0.2,71.31,71.34,5,28,2017,7,38,20,17148,148,35.444,-74.599,29.15,-44.889,0,0,0,5/10/2017,18,13.91,136.4,136.47,-127,677588.7,0,132,0,5/28/2017,7,38,20,189,132,37,118,ex1-1,z.cavirostris,28MAY17:07:38:20,yellow,M,A,,circle,28_05,05_28,35.535,-74.705,0,2,39,28,5,2017,392
ex1,ex120170528:190120Z99,1,2017-05-28,19:01:20,35.375,-74.695,285.305,L0,6,1,0,0,0,19,8,11.38,2,5,6,5506.6,11.6,1.02,228.75,228.69,5,28,2017,19,1,20,17148,148,35.375,-74.695,40.011,-52.492,0,0,0,5/10/2017,18,17.75,177.18,177.18,-125,677584.3,0,299,0,5/28/2017,19,1,20,184,180,53,120,ex1-1,z.cavirostris,28MAY17:19:01:20,yellow,M,A,,circle,28_05,05_28,35.535,-74.705,0,14,2,28,5,2017,392
ex1,ex120170529:014514Z99,1,2017-05-29,1:45:14,35.408,-74.689,285.311,L1,8,1,0,0,1,20,7,6.73,4,5,8,10508.8,3.7,0.55,8.47,8.47,5,29,2017,1,45,14,17149,149,35.408,-74.689,37.203,-65.952,0,0,0,5/10/2017,19,14.14,174.24,174.25,-114,677567.3,7,185,0,5/29/2017,1,45,14,184,180,53,120,ex1-1,z.cavirostris,29MAY17:01:45:14,yellow,M,A,,circle,29_05,05_29,35.535,-74.705,0,20,46,28,5,2017,392
ex1,ex120170529:120950Z99,1,2017-05-29,12:09:50,35.34,-74.898,285.102,L0,8,1,0,0,0,20,7,10.41,4,4,8,5408.8,20.44,1.96,248.4,248.27,5,29,2017,12,9,50,17149,149,35.34,-74.898,38.285,-89.614,0,0,0,5/10/2017,19,27.85,219.14,219.03,-124,677560.4,0,278,0,5/29/2017,12,9,50,181,211,165,119,ex1-1,z.cavirostris,29MAY17:12:09:50,yellow,M,A,,circle,29_05,05_29,35.535,-74.705,0,7,10,29,5,2017,392
ex1,ex120170530:012037Z99,1,2017-05-30,1:20:37,35.183,-75.061,284.939,L0,7,1,0,0,1,21,5,13.18,2,5,8,5507.8,22.88,1.74,220.46,220.37,5,30,2017,1,20,37,17150,150,35.183,-75.061,39.031,-55.52,0,0,0,5/10/2017,20,50.72,219.79,219.58,-118,677616.3,2,155,0,5/30/2017,1,20,37,62,133,165,110,ex1-1,z.cavirostris,30MAY17:01:20:37,yellow,M,A,,circle,30_05,05_30,35.535,-74.705,0,20,20,29,5,2017,392
ex1,ex120170531:113115Z99,1,2017-05-31,11:31:15,35.085,-75.042,284.958,L1,7,1,0,1,1,22,7,34.18,4,6,8,10607.8,11.01,0.32,170.95,170.96,5,31,2017,11,31,15,17151,151,35.085,-75.042,29.807,-100.513,0,0,0,5/10/2017,21,58.58,211.68,211.49,-124,677555.5,0,137,0,5/31/2017,11,31,15,184,255,69,125,ex1-1,z.cavirostris,31MAY17:11:31:15,yellow,M,A,,circle,31_05,05_31,35.535,-74.705,0,6,31,31,5,2017,392
ex1,ex120170601:105234Z99,1,2017-06-01,10:52:34,35.184,-74.956,285.044,L0,7,1,0,0,1,23,6,23.36,3,5,0,5507,13.49,0.58,35.49,35.54,6,1,2017,10,52,34,17152,152,35.184,-74.956,30.756,-53.974,0,0,0,5/10/2017,22,45.13,210.49,210.34,-124,677622,0,104,0,6/1/2017,10,52,34,57,28,37,118,ex1-1,z.cavirostris,01JUN17:10:52:34,yellow,M,A,,circle,01_06,06_01,35.535,-74.705,0,5,52,1,6,2017,392
ex1,ex120170601:135456Z99,1,2017-06-01,13:54:56,35.247,-75.027,284.973,LB,2,1,0,0,0,23,6,3.04,2,0,0,2002,9.52,3.13,317.26,317.21,6,1,2017,13,54,56,17152,152,35.247,-75.027,29.328,-46.391,0,0,0,5/10/2017,22,43.33,222.62,222.43,-132,677609.7,0,58,0,6/1/2017,13,54,56,176,165,245,123,ex1-1,z.cavirostris,01JUN17:13:54:56,yellow,M,A,,circle,01_06,06_01,35.535,-74.705,0,8,54,1,6,2017,392
ex1,ex120170601:235121Z99,1,2017-06-01,23:51:21,35.311,-75.079,284.921,LA,3,1,0,0,0,23,6,9.94,3,0,0,3003,8.53,0.86,326.34,326.31,6,1,2017,23,51,21,17152,152,35.311,-75.079,29.031,-104.714,0,0,0,5/10/2017,22,42.1,233.97,233.75,-127,677645.9,0,57,0,6/1/2017,23,51,21,191,134,133,130,ex1-1,z.cavirostris,01JUN17:23:51:21,yellow,M,A,,circle,01_06,06_01,35.535,-74.705,0,18,51,1,6,2017,392
ex1,ex120170603:114521Z99,1,2017-06-03,11:45:21,35.414,-74.857,285.143,L0,10,1,0,0,1,25,9,35.9,2,5,8,5510.8,23.19,0.65,60.41,60.54,6,3,2017,11,45,21,17154,154,35.414,-74.857,35.97,-77.614,0,0,0,5/10/2017,24,19.26,225.94,225.85,-122,677543.1,0,235,0,6/3/2017,11,45,21,188,61,245,133,ex1-1,z.cavirostris,03JUN17:11:45:21,yellow,M,A,,circle,03_06,06_03,35.535,-74.705,0,6,45,3,6,2017,392
ex1,ex120170603:230142Z99,1,2017-06-03,23:01:42,35.511,-74.798,285.202,L0,5,1,0,0,0,25,9,11.27,2,5,8,5505.8,12.02,1.07,26.44,26.47,6,3,2017,23,1,42,17154,154,35.511,-74.798,34.16,-81.267,0,0,0,5/10/2017,24,8.87,252.7,252.64,-121,677559.2,0,117,0,6/3/2017,23,1,42,190,46,181,126,ex1-1,z.cavirostris,03JUN17:23:01:42,yellow,M,A,,circle,03_06,06_03,35.535,-74.705,1,18,2,3,6,2017,392
ex1,ex120170604:012114Z99,1,2017-06-04,1:21:14,35.568,-74.68,285.32,L0,7,1,0,1,0,26,9,2.33,4,5,8,5507.8,12.43,5.34,59.38,59.45,6,4,2017,1,21,14,17155,155,35.568,-74.68,39.686,-54.515,0,0,0,5/10/2017,25,4.31,31.23,31.24,-120,677562.5,0,149,0,6/4/2017,1,21,14,189,56,133,131,ex1-1,z.cavirostris,04JUN17:01:21:14,yellow,M,A,,circle,04_06,06_04,35.535,-74.705,0,20,22,3,6,2017,392
ex1,ex120170604:092810Z99,1,2017-06-04,9:28:10,35.672,-74.553,285.447,L0,5,1,0,1,1,26,9,8.12,4,6,8,5605.8,16.29,2.01,44.88,44.95,6,4,2017,9,28,10,17155,155,35.672,-74.553,42.21,-41.999,0,0,0,5/10/2017,25,20.5,42.03,42.12,-130,677568.3,0,108,0,6/4/2017,9,28,10,190,11,165,135,ex1-1,z.cavirostris,04JUN17:09:28:10,yellow,M,A,,circle,04_06,06_04,35.535,-74.705,1,4,29,4,6,2017,392
ex1,ex120170605:092804Z99,1,2017-06-05,9:28:04,35.675,-74.539,285.461,LA,3,1,0,1,1,27,8,24,2,0,8,3003.8,1.31,0.05,75.28,75.29,6,5,2017,9,28,4,17156,156,35.675,-74.539,40.168,-96.517,0,0,0,5/10/2017,26,21.61,43.93,44.02,-132,677508.3,0,77,0,6/5/2017,9,28,4,184,106,21,136,ex1-1,z.cavirostris,05JUN17:09:28:04,yellow,M,A,,circle,05_06,06_05,35.535,-74.705,0,4,29,5,6,2017,392
ex1,ex120170606:221928Z99,1,2017-06-06,22:19:28,35.667,-74.647,285.353,L1,12,1,0,1,1,28,8,36.86,1,5,0,10512,9.82,0.27,264.84,264.78,6,6,2017,22,19,28,17157,157,29.382,-43.195,35.667,-74.647,1,0,0,5/10/2017,27,15.57,19.58,19.61,-127,677598.7,0,191,0,6/6/2017,22,19,28,190,50,37,136,ex1-1,z.cavirostris,06JUN17:22:19:28,yellow,M,A,,circle,06_06,06_06,35.535,-74.705,0,17,20,6,6,2017,392
ex1,ex120170607:011144Z99,1,2017-06-07,1:11:44,35.708,-74.691,285.309,LA,3,1,0,1,1,29,10,2.87,2,0,8,3003.8,6.05,2.11,318.81,318.78,6,7,2017,1,11,44,17158,158,35.708,-74.691,40.638,-49.697,0,0,0,5/10/2017,28,19.25,3.67,3.68,-134,677616.3,0,106,0,6/7/2017,1,11,44,53,36,69,132,ex1-1,z.cavirostris,07JUN17:01:11:44,yellow,M,A,,circle,07_06,06_07,35.535,-74.705,0,20,12,6,6,2017,392
ex1,ex120170608:125635Z99,1,2017-06-08,12:56:35,35.72,-74.829,285.171,LA,3,1,0,1,1,30,7,35.75,3,0,8,3003.8,12.56,0.35,276.13,276.05,6,8,2017,12,56,35,17159,159,35.72,-74.829,43.516,-113.146,0,0,0,5/10/2017,29,23.43,331.3,331.22,-127,677633.2,0,52,0,6/8/2017,12,56,35,186,100,53,138,ex1-1,z.cavirostris,08JUN17:12:56:35,yellow,M,A,,circle,08_06,06_08,35.535,-74.705,0,7,57,8,6,2017,392
ex1,ex120170609:003430Z99,1,2017-06-09,0:34:30,35.54,-74.914,285.086,LB,2,1,0,1,0,31,10,11.63,2,0,0,2002,21.4,1.84,201.11,201.06,6,9,2017,0,34,30,17160,160,35.54,-74.914,42.051,-108.416,0,0,0,5/10/2017,30,19,271.79,271.67,-128,677561.7,0,57,0,6/9/2017,0,34,30,185,19,117,23,ex1-1,z.cavirostris,09JUN17:00:34:30,yellow,M,A,,circle,09_06,06_09,35.535,-74.705,0,19,34,8,6,2017,392
ex1,ex120170609:021104Z99,1,2017-06-09,2:11:04,35.511,-74.759,285.241,LA,3,1,0,0,0,31,10,1.61,2,0,0,3003,14.42,8.96,102.85,102.94,6,9,2017,2,11,4,17160,160,35.511,-74.759,34.942,-77.524,0,0,0,5/10/2017,30,5.6,241.83,241.8,-128,677540.6,0,100,0,6/9/2017,2,11,4,179,187,245,143,ex1-1,z.cavirostris,09JUN17:02:11:04,yellow,M,A,,circle,09_06,06_09,35.535,-74.705,0,21,12,8,6,2017,392
ex1,ex120170609:100801Z99,1,2017-06-09,10:08:01,35.657,-74.716,285.284,L1,7,1,0,1,1,31,10,7.95,2,6,0,10607,16.66,2.1,13.52,13.54,6,9,2017,10,8,1,17160,160,35.657,-74.716,37.968,-62.864,0,0,0,5/10/2017,30,13.6,355.65,355.65,-129,677647.5,0,127,0,6/9/2017,10,8,1,179,187,245,143,ex1-1,z.cavirostris,09JUN17:10:08:01,yellow,M,A,,circle,09_06,06_09,35.535,-74.705,0,5,9,9,6,2017,392
ex1,ex120170610:000201Z99,1,2017-06-10,0:02:01,35.621,-74.681,285.319,L1,8,1,0,1,1,32,9,13.9,3,6,8,10608.8,5.1,0.37,141.55,141.57,6,10,2017,0,2,1,17161,161,35.621,-74.681,39.5,-93.899,0,0,0,5/10/2017,31,9.8,12.61,12.63,-122,677648.5,0,130,0,6/10/2017,0,2,1,57,63,21,140,ex1-1,z.cavirostris,10JUN17:00:02:01,yellow,M,A,,circle,10_06,06_10,35.535,-74.705,0,19,3,9,6,2017,392
ex1,ex120170612:112827Z99,1,2017-06-12,11:28:27,35.81,-74.683,285.317,L1,8,1,0,1,1,34,6,59.44,3,6,7,10608.7,20.97,0.35,359.51,359.5,6,12,2017,11,28,27,17163,163,35.81,-74.683,30.139,-48.486,0,0,0,5/10/2017,33,30.59,3.66,3.67,-125,677590.6,0,121,0,6/12/2017,11,28,27,178,46,149,151,ex1-1,z.cavirostris,12JUN17:11:28:27,yellow,M,A,,circle,12_06,06_12,35.535,-74.705,0,6,29,12,6,2017,392
ex1,ex120170612:193040Z99,1,2017-06-12,19:30:40,35.821,-74.721,285.279,L1,6,1,0,1,0,34,6,8.04,3,5,6,10506.6,3.64,0.45,289.58,289.55,6,12,2017,19,30,40,17163,163,35.821,-74.721,37.73,-65.696,0,0,0,5/10/2017,33,31.79,357.33,357.32,-123,677619.5,0,119,0,6/12/2017,19,30,40,185,103,21,152,ex1-1,z.cavirostris,12JUN17:19:30:40,yellow,M,A,,circle,12_06,06_12,35.535,-74.705,0,14,31,12,6,2017,392
ex1,ex120170613:075246Z99,1,2017-06-13,7:52:46,35.836,-74.674,285.326,L0,7,1,0,1,0,35,8,12.37,3,6,0,5607,4.56,0.37,68.59,68.61,6,13,2017,7,52,46,17164,164,35.836,-74.674,30.978,-52.402,0,0,0,5/10/2017,34,33.53,4.73,4.75,-128,677631.7,0,101,0,6/13/2017,7,52,46,187,213,229,148,ex1-1,z.cavirostris,13JUN17:07:52:46,yellow,M,A,,circle,13_06,06_13,35.535,-74.705,0,2,54,13,6,2017,392
ex1,ex120170613:135313Z99,1,2017-06-13,13:53:13,35.849,-74.667,285.333,L1,8,1,0,1,1,35,8,6.01,3,6,0,10608,1.57,0.26,23.67,23.68,6,13,2017,13,53,13,17164,164,35.849,-74.667,29.998,-46.574,0,0,0,5/10/2017,34,35.03,5.57,5.59,-120,677659.1,0,160,0,6/13/2017,13,53,13,187,213,229,148,ex1-1,z.cavirostris,13JUN17:13:53:13,yellow,M,A,,circle,13_06,06_13,35.535,-74.705,1,8,54,13,6,2017,392
ex1,ex120170614:002322Z99,1,2017-06-14,0:23:22,35.831,-74.813,285.187,L0,6,1,0,1,1,36,9,10.5,2,5,8,5506.8,13.34,1.27,261.43,261.35,6,14,2017,0,23,22,17165,165,35.831,-74.813,30.591,-98.652,0,0,0,5/10/2017,35,34.3,343.41,343.35,-126,677600.4,0,116,0,6/14/2017,0,23,22,178,46,149,151,ex1-1,z.cavirostris,14JUN17:00:23:22,yellow,M,A,,circle,14_06,06_14,35.535,-74.705,0,19,24,13,6,2017,392
ex1,ex120170614:132902Z99,1,2017-06-14,13:29:02,35.843,-74.813,285.187,L0,5,1,0,1,0,36,9,13.09,4,5,0,5505,1.33,0.1,0,0,6,14,2017,13,29,2,17165,165,35.843,-74.813,27.812,-37.223,0,0,0,5/10/2017,35,35.57,344.02,343.96,-125,677617.3,0,89,0,6/14/2017,13,29,2,183,158,149,155,ex1-1,z.cavirostris,14JUN17:13:29:02,yellow,M,A,,circle,14_06,06_14,35.535,-74.705,0,8,29,14,6,2017,392
ex1,ex120170615:004419Z99,1,2017-06-15,0:44:19,35.976,-74.61,285.39,L0,4,1,0,1,0,37,8,11.25,4,5,0,5504,23.53,2.09,51.09,51.21,6,15,2017,0,44,19,17166,166,35.976,-74.61,44.041,-115.011,0,0,0,5/10/2017,36,49.69,9.89,9.94,-133,677688,0,65,0,6/15/2017,0,44,19,183,210,5,154,ex1-1,z.cavirostris,15JUN17:00:44:19,yellow,M,A,,circle,15_06,06_15,35.535,-74.705,0,19,45,14,6,2017,392
ex1,ex120170615:084556Z99,1,2017-06-15,8:45:56,35.912,-74.198,285.802,L0,5,1,0,1,1,37,8,8.03,2,6,4,5605.4,37.85,4.71,100.69,100.94,6,15,2017,8,45,56,17166,166,35.912,-74.198,46.245,-21.807,0,0,0,5/10/2017,36,62.07,47.46,47.75,-135,677703.9,0,78,0,6/15/2017,8,45,56,240,43,37,156,ex1-1,z.cavirostris,15JUN17:08:45:56,yellow,M,A,,circle,15_06,06_15,35.535,-74.705,1,3,49,15,6,2017,392
ex1,ex120170616:104313Z99,1,2017-06-16,10:43:13,35.502,-74.385,285.615,L0,6,1,0,1,1,38,8,25.95,2,6,0,5606,48.54,1.87,200.46,200.35,6,16,2017,10,43,13,17167,167,35.502,-74.385,25.233,-26.479,0,0,0,5/10/2017,37,29.22,97.07,97.25,-133,677553.5,0,92,0,6/16/2017,10,43,13,191,125,85,156,ex1-1,z.cavirostris,16JUN17:10:43:13,yellow,M,A,,circle,16_06,06_16,35.535,-74.705,0,5,45,16,6,2017,392
ex1,ex120170617:215723Z99,1,2017-06-17,21:57:23,35.51,-74.716,285.284,L0,4,1,0,1,1,39,11,35.24,1,5,0,5504,30.04,0.85,271.79,271.6,6,17,2017,21,57,23,17168,168,35.51,-74.716,45.401,-28.061,0,0,0,5/10/2017,38,2.94,200.55,200.54,-135,677582.5,0,138,0,6/17/2017,21,57,23,183,136,117,162,ex1-1,z.cavirostris,17JUN17:21:57:23,yellow,M,A,,circle,17_06,06_17,35.535,-74.705,0,16,58,17,6,2017,392
ex1,ex120170618:115900Z99,1,2017-06-18,11:59:00,35.202,-74.962,285.038,L1,6,1,0,0,1,40,7,14.03,1,5,0,10506,40.84,2.91,213.27,213.13,6,18,2017,11,59,0,17169,169,32.562,-62.824,35.202,-74.962,1,0,0,5/10/2017,39,43.71,212.43,212.28,-122,677576.2,0,128,0,6/18/2017,11,59,0,183,136,117,162,ex1-1,z.cavirostris,18JUN17:11:59:00,yellow,M,A,,circle,18_06,06_18,35.535,-74.705,0,6,59,18,6,2017,392
ex1,ex120170619:082716Z99,1,2017-06-19,8:27:16,35.129,-74.948,285.052,L2,4,0,0,0,1,41,6,20.47,3,6,0,20604,8.2,0.4,171.05,171.05,6,19,2017,8,27,16,17170,170,35.129,-74.948,33.47,-67.119,0,0,0,5/10/2017,40,50.17,206.24,206.1,-121,677524.2,0,76,0,6/19/2017,8,27,16,59,33,101,158,ex1-1,z.cavirostris,19JUN17:08:27:16,yellow,M,A,,circle,19_06,06_19,35.535,-74.705,0,3,27,19,6,2017,392
ex1,ex120170619:142345Z99,1,2017-06-19,14:23:45,35.176,-74.838,285.162,LA,3,1,0,0,0,41,6,5.94,2,0,8,3003.8,11.3,1.9,62.48,62.55,6,19,2017,14,23,45,17170,170,35.176,-74.838,32.121,-60.015,0,0,0,5/10/2017,40,41.62,196.98,196.9,-124,677596.7,0,31,0,6/19/2017,14,23,45,59,33,101,158,ex1-1,z.cavirostris,19JUN17:14:23:45,yellow,M,A,,circle,19_06,06_19,35.535,-74.705,0,9,24,19,6,2017,392
ex1,ex120170620:004715Z99,1,2017-06-20,0:47:15,35.216,-74.848,285.152,L0,7,1,0,0,0,42,12,10.39,4,5,8,5507.8,4.53,0.44,348.41,348.4,6,20,2017,0,47,15,17171,171,35.216,-74.848,42.135,-39.233,0,0,0,5/10/2017,41,37.7,200.26,200.18,-122,677580.6,0,285,0,6/20/2017,0,47,15,188,203,5,166,ex1-1,z.cavirostris,20JUN17:00:47:15,yellow,M,A,,circle,20_06,06_20,35.535,-74.705,0,19,47,19,6,2017,392
ex1,ex120170620:081743Z99,1,2017-06-20,8:17:43,35.235,-74.824,285.176,L0,9,1,0,0,0,42,12,7.51,2,5,8,5509.8,3.04,0.4,46.02,46.03,6,20,2017,8,17,43,17171,171,35.235,-74.824,32.49,-61.705,0,0,0,5/10/2017,41,34.99,198.09,198.03,-123,677550.3,0,153,0,6/20/2017,8,17,43,59,33,101,158,ex1-1,z.cavirostris,20JUN17:08:17:43,yellow,M,A,,circle,20_06,06_20,35.535,-74.705,0,3,18,20,6,2017,392
ex1,ex120170620:111841Z99,1,2017-06-20,11:18:41,35.34,-74.664,285.336,L2,6,0,0,0,1,42,12,3.02,1,5,0,20506,18.64,6.18,51.28,51.37,6,20,2017,11,18,41,17171,171,33.437,-65.43,35.34,-74.664,1,0,0,5/10/2017,41,21.93,170.3,170.33,-120,677581.1,0,157,0,6/20/2017,11,18,41,180,26,149,167,ex1-1,z.cavirostris,20JUN17:11:18:41,yellow,M,A,,circle,20_06,06_20,35.535,-74.705,0,6,20,20,6,2017,392
ex1,ex120170621:080242Z99,1,2017-06-21,8:02:42,35.56,-74.653,285.347,L1,4,1,0,0,0,43,10,20.73,3,5,0,10504,24.43,1.18,2.34,2.35,6,21,2017,8,2,42,17172,172,31.55,-56.19,35.56,-74.653,1,0,0,5/10/2017,42,5.45,59.15,59.18,-125,677602.3,0,141,0,6/21/2017,8,2,42,180,26,149,167,ex1-1,z.cavirostris,21JUN17:08:02:42,yellow,M,A,,circle,21_06,06_21,35.535,-74.705,0,3,4,21,6,2017,392
ex1,ex120170621:193034Z99,1,2017-06-21,19:30:34,35.615,-74.721,285.279,L0,5,1,0,0,0,43,10,11.46,4,6,0,5605,8.67,0.76,314.74,314.7,6,21,2017,19,30,34,17172,172,35.615,-74.721,38.003,-63.493,0,0,0,5/10/2017,42,9.02,350.53,350.52,-129,677541.6,0,146,0,6/21/2017,19,30,34,187,133,39,201,ex1-1,z.cavirostris,21JUN17:19:30:34,yellow,M,A,,circle,21_06,06_21,35.535,-74.705,0,14,31,21,6,2017,392
ex1,ex120170621:225035Z99,1,2017-06-21,22:50:35,35.636,-74.451,285.549,L3,10,0,0,0,1,43,10,3.33,3,6,0,30610,24.57,7.37,84.48,84.64,6,21,2017,22,50,35,17172,172,32.472,-58.73,35.636,-74.451,1,0,0,5/10/2017,42,25.58,63.9,64.04,-122,677585.2,0,204,0,6/21/2017,22,50,35,59,33,101,158,ex1-1,z.cavirostris,21JUN17:22:50:35,yellow,M,A,,circle,21_06,06_21,35.535,-74.705,0,17,52,21,6,2017,392
ex1,ex120170622:075214Z99,1,2017-06-22,7:52:14,35.743,-74.579,285.421,L0,5,1,0,1,1,44,10,9.03,2,6,8,5605.8,16.59,1.84,315.74,315.66,6,22,2017,7,52,14,17173,173,35.743,-74.579,30.594,-50.57,0,0,0,5/10/2017,43,25.75,26.19,26.26,-125,677697.7,0,53,0,6/22/2017,7,52,14,4,157,16,125,ex1-1,z.cavirostris,22JUN17:07:52:14,yellow,M,A,,circle,22_06,06_22,35.535,-74.705,1,2,53,22,6,2017,392
ex1,ex120170622:125255Z99,1,2017-06-22,12:52:55,35.623,-74.783,285.217,L0,8,1,0,1,0,44,10,5.01,4,5,6,5508.6,22.77,4.54,234.27,234.15,6,22,2017,12,52,55,17173,173,35.623,-74.783,38.471,-88.096,0,0,0,5/10/2017,43,12.09,324.04,323.99,-122,677643.1,0,141,0,6/22/2017,12,52,55,191,128,245,168,ex1-1,z.cavirostris,22JUN17:12:52:55,yellow,M,A,,circle,22_06,06_22,35.535,-74.705,0,7,53,22,6,2017,392
ex1,ex120170622:155055Z99,1,2017-06-22,15:50:55,35.405,-74.844,285.156,L0,5,1,0,1,0,44,10,2.97,3,5,8,5505.8,24.81,8.36,192.9,192.87,6,22,2017,15,50,55,17173,173,35.405,-74.844,40.529,-101.106,0,0,0,5/10/2017,43,19.17,221.33,221.25,-125,677543.1,0,111,0,6/22/2017,15,50,55,189,158,37,,ex1-1,z.cavirostris,22JUN17:15:50:55,yellow,M,A,,circle,22_06,06_22,35.535,-74.705,0,10,51,22,6,2017,392
ex1,ex120170622:232329Z99,1,2017-06-22,23:23:29,35.369,-74.538,285.462,L0,7,1,0,1,0,44,10,7.54,2,5,0,5507,28.09,3.72,98.09,98.26,6,22,2017,23,23,29,17173,173,35.369,-74.538,31.658,-92.817,0,0,0,5/10/2017,43,23.82,140.52,140.62,-121,677674.2,0,114,0,6/22/2017,23,23,29,50,41,5,164,ex1-1,z.cavirostris,22JUN17:23:23:29,yellow,M,A,,circle,22_06,06_22,35.535,-74.705,0,18,25,22,6,2017,392
ex1,ex120170623:012704Z99,1,2017-06-23,1:27:04,35.444,-74.598,285.402,L0,8,1,0,1,0,45,5,2.06,4,5,0,5508,9.95,4.83,326.79,326.76,6,23,2017,1,27,4,17174,174,35.444,-74.598,38.832,-57.852,0,0,0,5/10/2017,44,13.97,136.13,136.2,-116,677586.2,5,150,0,6/23/2017,1,27,4,189,158,37,170,ex1-1,z.cavirostris,23JUN17:01:27:04,yellow,M,A,,circle,23_06,06_23,35.535,-74.705,0,20,28,22,6,2017,392
ex1,ex120170623:152651Z99,1,2017-06-23,15:26:51,35.628,-74.748,285.252,L1,7,1,0,1,1,45,5,14,1,6,0,10607,24.53,1.75,326.37,326.28,6,23,2017,15,26,51,17174,174,38.915,-91.045,35.628,-74.748,1,0,0,5/10/2017,44,11.06,339.19,339.16,-116,677661.8,5,129,0,6/23/2017,15,26,51,188,95,85,173,ex1-1,z.cavirostris,23JUN17:15:26:51,yellow,M,A,,circle,23_06,06_23,35.535,-74.705,0,10,27,23,6,2017,392
ex1,ex120170623:190746Z99,1,2017-06-23,19:07:46,35.665,-74.657,285.343,L0,7,1,0,1,0,45,5,3.68,4,5,8,5507.8,9.21,2.5,63.49,63.55,6,23,2017,19,7,46,17174,174,35.665,-74.657,40.354,-52.7,0,0,0,5/10/2017,44,15.07,16.62,16.65,-129,677550.6,0,274,0,6/23/2017,19,7,46,189,158,37,170,ex1-1,z.cavirostris,23JUN17:19:07:46,yellow,M,A,,circle,23_06,06_23,35.535,-74.705,0,14,9,23,6,2017,392
ex1,ex120170625:221309Z99,1,2017-06-25,22:13:09,35.739,-74.534,285.466,L0,4,1,0,1,1,47,8,51.09,3,6,8,5604.8,13.83,0.27,53.55,53.62,6,25,2017,22,13,9,17176,176,35.739,-74.534,39.319,-57.193,0,0,0,5/10/2017,46,27.42,34.25,34.35,-130,677546.4,0,94,0,6/25/2017,22,13,9,187,27,85,172,ex1-1,z.cavirostris,25JUN17:22:13:09,yellow,M,A,,circle,25_06,06_25,35.535,-74.705,0,17,15,25,6,2017,392
ex1,ex120170626:012315Z99,1,2017-06-26,1:23:15,35.827,-74.589,285.411,L0,6,1,0,1,1,48,5,3.17,4,6,8,5606.8,10.96,3.46,333.03,333,6,26,2017,1,23,15,17177,177,35.827,-74.589,40.26,-52.832,0,0,0,5/10/2017,47,34.07,17.86,17.93,-129,677528.8,0,132,0,6/26/2017,1,23,15,177,55,21,175,ex1-1,z.cavirostris,26JUN17:01:23:15,yellow,M,A,,circle,26_06,06_26,35.535,-74.705,0,20,24,25,6,2017,392
ex1,ex120170627:154551Z99,1,2017-06-27,15:45:51,35.599,-74.679,285.321,L1,10,1,0,1,1,49,7,38.38,3,5,0,10510,26.58,0.69,197.87,197.82,6,27,2017,15,45,51,17178,178,35.599,-74.679,40.446,-99.423,0,0,1,5/10/2017,48,7.49,18.06,18.07,-119,677555.3,2,275,0,6/27/2017,15,45,51,188,205,197,181,ex1-1,z.cavirostris,27JUN17:15:45:51,yellow,M,A,,circle,27_06,06_27,35.535,-74.705,1,10,47,27,6,2017,392
