DeployID,Ptt,Instr,RecordType,MsgCount,Duplicates,Corrupt,AvgInterval,MinInterval,Date,Satellite,LocationQuality,Latitude,Longitude,Latitude2,Longitude2,IQ,Duration,Frequency,Power
ex1,1,Mk10,DS,5,0,2,35,19,22:31:50 10-May-2017,NN,0,35.3539,-74.7484,35.3539,-74.7484,50,,401677665,-133
ex1,1,Mk10,DS,6,0,1,20,17,02:08:59 11-May-2017,MB,0,35.4691,-74.3593,34.7784,-77.8050,58,,401677642,-124
ex1,1,Mk10,DS,6,0,1,23,16,03:00:38 11-May-2017,MA,0,35.4710,-74.7090,30.1347,-100.1438,58,,401677574,-121
ex1,1,Mk10,DS,1,0,1,,,09:17:33 11-May-2017,NP,,,,,,,,401650000,-131
ex1,1,Mk10,DS,7,2,4,,,12:39:32 11-May-2017,NN,0,35.4492,-74.8826,37.4234,-84.2474,50,,401677625,-120
ex1,1,Mk10,DS,3,0,1,65,30,13:35:06 11-May-2017,MA,0,35.5483,-74.7545,27.8593,-38.5846,68,,401677659,-120
ex1,1,Mk10,DS,11,5,4,,,00:04:37 12-May-2017,NN,0,35.3692,-74.8222,31.6034,-91.9697,58,,401677574,-123
ex1,1,Mk10,DS,7,3,2,,,00:05:11 12-May-2017,SR,0,35.2995,-74.5806,39.6640,-96.2716,58,,401677613,-124
ex1,1,Mk10,DS,9,3,4,,,01:50:14 12-May-2017,MB,1,35.3519,-74.6799,36.7797,-67.6486,50,,401677586,-124
ex1,1,Mk10,DS,1,0,1,,,02:30:42 12-May-2017,MA,,,,,,,,401650000,-131
ex1,1,Mk10,DS,8,0,5,22,15,08:59:01 12-May-2017,NP,0,35.2931,-74.7742,37.5104,-85.1463,58,,401677610,-121
ex1,1,Mk10,DS,4,0,4,22,17,10:58:41 12-May-2017,NK,0,35.2156,-75.3219,30.9536,-53.5693,58,,401677522,-130
ex1,1,Mk10,DS,7,1,3,,,11:24:13 12-May-2017,SR,0,35.3288,-74.8953,30.7344,-97.0827,58,,401677578,-125
ex1,1,Mk10,DS,4,0,1,29,17,13:14:37 12-May-2017,MA,0,35.4548,-74.6801,25.8942,-28.6144,58,,401677670,-125
ex1,1,Mk10,DS,4,0,3,39,14,16:32:56 12-May-2017,MA,0,35.3946,-74.1647,45.7282,-125.2214,50,,401677796,-130
ex1,1,Mk10,DS,8,0,8,28,15,22:14:04 12-May-2017,NN,0,35.3266,-74.8485,43.1657,-38.2456,50,,401677586,-127
ex1,1,Mk10,DS,8,0,8,28,14,22:14:04 12-May-2017,NK,0,35.1907,-75.0555,38.8134,-57.4039,50,,401677568,-125
ex1,1,Mk10,DS,5,0,2,25,16,23:39:18 12-May-2017,SR,0,35.0852,-74.8325,36.3272,-81.1477,60,,401677588,-128
ex1,1,Mk10,DS,1,0,1,,,02:09:10 13-May-2017,MA,,,,,,,,401650000,-130
ex1,1,Mk10,DS,1,0,1,,,03:06:53 13-May-2017,MB,,,,,,,,401650000,-133
ex1,1,Mk10,DS,6,0,5,27,15,07:07:59 13-May-2017,NP,0,35.1082,-74.7491,25.8055,-31.8524,50,,401677499,-130
ex1,1,Mk10,DS,6,0,3,24,17,10:52:47 13-May-2017,SR,0,35.1616,-75.0015,33.6960,-82.1733,58,,401677614,-119
ex1,1,Mk10,DS,2,0,1,52,52,12:20:09 13-May-2017,NN,B,34.9500,-75.1018,34.5051,-72.7254,8,,401677587,-128
ex1,1,Mk10,DS,7,0,6,21,15,14:33:22 13-May-2017,MA,0,33.3058,-66.1881,33.3445,-66.3646,58,,401677624,-117
ex1,1,Mk10,DS,4,0,4,27,17,18:27:53 13-May-2017,NP,Z,34.7938,-75.5923,42.3771,-38.0218,38,,401677745,-133
ex1,1,Mk10,DS,6,0,5,33,19,21:59:14 13-May-2017,NN,0,35.1311,-74.7550,43.8246,-32.9572,50,,401677647,-129
ex1,1,Mk10,DS,2,0,1,71,71,23:01:17 13-May-2017,SR,B,35.7488,-74.6306,32.6456,-65.0052,8,,401677647,-132
ex1,1,Mk10,DS,7,0,2,20,15,23:21:35 13-May-2017,NK,0,35.2468,-74.4541,31.3021,-93.8982,56,,401677705,-127
ex1,1,Mk10,DS,7,0,3,20,15,23:42:37 13-May-2017,NN,Z,33.8557,-81.1926,35.6612,-72.7883,38,,401677614,-122
ex1,1,Mk10,DS,4,0,2,20,20,01:18:00 14-May-2017,NN,Z,34.7837,-74.8686,23.2905,-128.3850,36,,401677754,-133
ex1,1,Mk10,DS,2,0,2,44,44,01:51:21 14-May-2017,MA,B,35.1845,-76.9208,36.6201,-69.1503,8,,401677647,-126
ex1,1,Mk10,DS,3,0,3,34,19,03:33:21 14-May-2017,MA,A,34.9077,-74.9800,26.0997,-118.1399,8,,401677712,-127
ex1,1,Mk10,DS,1,0,0,,,10:14:47 14-May-2017,SR,,,,,,,,401650000,-138
ex1,1,Mk10,DS,9,3,2,,,12:06:41 14-May-2017,NN,0,35.1464,-75.0932,33.5520,-67.5208,50,,401677566,-124
ex1,1,Mk10,DS,9,0,2,17,15,15:06:01 14-May-2017,MB,Z,34.8963,-74.0012,36.6782,-82.6753,30,,401677677,-126
ex1,1,Mk10,DS,3,0,2,36,19,23:31:17 14-May-2017,NN,,,,,,,,401650000,-129
ex1,1,Mk10,DS,6,0,4,29,17,00:15:12 15-May-2017,SR,0,35.2116,-75.0277,39.8630,-98.7209,50,,401677609,-122
ex1,1,Mk10,DS,3,0,3,52,18,00:38:40 15-May-2017,NK,A,34.8846,-74.9061,23.6747,-129.0149,8,,401677686,-133
ex1,1,Mk10,DS,9,1,4,,,01:34:19 15-May-2017,MA,0,35.1883,-74.8027,38.0326,-60.8141,58,,401677618,-115
ex1,1,Mk10,DS,7,0,6,21,15,02:30:46 15-May-2017,MB,0,35.1580,-74.9476,33.0334,-85.2158,58,,401677552,-123
ex1,1,Mk10,DS,2,0,2,18,18,11:24:55 15-May-2017,NK,B,33.8350,-75.0607,32.2389,-66.3753,6,,401677618,-133
ex1,1,Mk10,DS,14,0,12,27,17,11:28:00 15-May-2017,SR,1,30.0057,-100.1032,35.0522,-75.0306,50,,401677612,-125
ex1,1,Mk10,DS,4,0,3,73,28,12:55:37 15-May-2017,NK,0,35.1236,-75.0799,43.1136,-113.8785,58,,401677561,-130
ex1,1,Mk10,DS,6,0,6,21,18,13:37:04 15-May-2017,NN,0,34.9347,-75.3440,41.9351,-109.7760,58,,401677581,-131
ex1,1,Mk10,DS,7,0,3,22,17,19:49:34 15-May-2017,NP,,,,,,,,401650000,-125
ex1,1,Mk10,DS,2,0,1,32,32,23:09:12 15-May-2017,NN,B,34.6928,-75.8055,35.9754,-68.9392,8,,401677606,-137
ex1,1,Mk10,DS,4,0,2,34,15,23:38:39 15-May-2017,SR,Z,34.7901,-74.6591,36.7928,-85.1005,30,,401677593,-129
ex1,1,Mk10,DS,4,0,2,30,18,00:59:41 16-May-2017,NN,0,35.1209,-75.0070,25.7291,-116.8354,60,,401677525,-129
ex1,1,Mk10,DS,1,0,0,,,08:07:35 16-May-2017,NP,,,,,,,,401650000,-137
ex1,1,Mk10,DS,6,0,1,23,14,11:41:22 16-May-2017,NN,1,35.0055,-74.9798,31.0240,-56.4471,66,,401677621,-121
ex1,1,Mk10,DS,2,0,0,124,124,13:22:04 16-May-2017,NN,B,35.0194,-75.3113,40.9816,-103.9906,8,,401677608,-129
ex1,1,Mk10,DS,2,0,0,18,18,14:24:00 16-May-2017,MB,B,35.2049,-74.9055,31.6786,-60.7957,8,,401677608,-128
ex1,1,Mk10,DS,2,0,0,16,16,19:43:37 16-May-2017,NP,,,,,,,,401650000,-136
ex1,1,Mk10,DS,3,0,3,53,18,21:22:17 16-May-2017,NP,A,35.1608,-75.5372,25.8590,-117.0896,8,,401677644,-135
ex1,1,Mk10,DS,1,0,0,,,21:24:58 16-May-2017,NN,,,,,,,,401650000,-135
ex1,1,Mk10,DS,7,0,4,19,18,23:11:29 16-May-2017,SR,0,35.1188,-75.1928,33.8749,-69.1008,58,,401677656,-120
ex1,1,Mk10,DS,1,0,1,,,23:54:45 16-May-2017,NK,,,,,,,,401650000,-135
ex1,1,Mk10,DS,5,0,4,28,19,00:53:47 17-May-2017,SR,0,35.0445,-75.3283,42.9116,-116.6478,60,,401677614,-131
ex1,1,Mk10,DS,7,1,2,,,00:53:37 17-May-2017,MA,0,35.1386,-74.8219,41.9913,-40.9210,60,,401677620,-122
ex1,1,Mk10,DS,1,0,0,,,01:41:04 17-May-2017,MB,,,,,,,,401650000,-133
ex1,1,Mk10,DS,3,0,1,38,35,02:37:10 17-May-2017,MA,Z,35.1356,-74.0832,32.0984,-89.0085,37,,401677539,-129
ex1,1,Mk10,DS,7,0,4,18,15,07:57:21 17-May-2017,NP,0,34.8151,-75.7762,31.1728,-57.5572,58,,401677575,-127
ex1,1,Mk10,DS,4,0,4,17,17,09:38:19 17-May-2017,NP,Z,34.0107,-73.4956,41.3606,-107.7355,38,,401677789,-134
ex1,1,Mk10,DS,4,0,1,17,17,10:27:49 17-May-2017,SR,0,35.1755,-74.9329,36.0653,-70.5396,68,,401650000,-120
ex1,1,Mk10,DS,4,0,2,36,17,10:28:18 17-May-2017,NK,0,28.4231,-42.5392,35.1584,-74.7653,50,,401677618,-125
ex1,1,Mk10,DS,1,0,1,,,12:02:31 17-May-2017,SR,,,,,,,,401650000,-135
ex1,1,Mk10,DS,6,0,3,23,16,13:12:24 17-May-2017,NN,1,34.9909,-74.9649,39.8926,-98.8272,68,,401650000,-128
ex1,1,Mk10,DS,7,0,4,19,15,13:12:24 17-May-2017,MA,0,35.3210,-74.7180,25.3385,-26.9942,68,,401677703,-129
ex1,1,Mk10,DS,10,0,6,17,16,19:29:11 17-May-2017,NP,0,35.1216,-75.1770,37.4474,-64.3005,68,,401677554,-119
ex1,1,Mk10,DS,5,0,1,28,19,21:40:11 17-May-2017,NK,B,34.5195,-73.5732,39.5912,-47.0614,8,,401677618,-133
ex1,1,Mk10,DS,7,0,5,16,15,22:41:35 17-May-2017,SR,1,35.0966,-74.9257,30.9151,-54.4762,68,,401677631,-120
ex1,1,Mk10,DS,6,0,0,17,15,23:23:51 17-May-2017,NK,0,34.9996,-74.9933,31.2951,-93.1609,56,,401677655,-121
ex1,1,Mk10,DS,5,0,4,68,15,01:22:55 18-May-2017,MB,2,35.0370,-75.0804,38.9965,-55.6796,68,,401677598,-131
ex1,1,Mk10,DS,3,0,2,56,43,02:14:35 18-May-2017,MA,Z,35.5328,-72.7726,34.1368,-79.5625,38,,401677558,-128
ex1,1,Mk10,DS,9,0,4,19,16,07:50:28 18-May-2017,NP,1,30.1666,-52.0492,35.1652,-74.9677,50,,401677594,-129
ex1,1,Mk10,DS,2,0,2,17,17,11:49:48 18-May-2017,NK,,,,,,,,401650000,-133
ex1,1,Mk10,DS,1,0,0,,,13:03:37 18-May-2017,NN,,,,,,,,401650000,-135
ex1,1,Mk10,DS,1,0,1,,,13:25:04 18-May-2017,NK,,,,,,,,401650000,-137
ex1,1,Mk10,DS,1,0,1,,,13:48:52 18-May-2017,MB,,,,,,,,401650000,-135
ex1,1,Mk10,DS,6,0,0,21,16,14:35:52 18-May-2017,MA,Z,35.2377,-75.9885,32.8395,-63.9877,38,,401677537,-121
ex1,1,Mk10,DS,3,0,2,27,18,16:07:14 18-May-2017,MA,A,34.5648,-73.5832,42.9326,-114.6257,8,,401677836,-130
ex1,1,Mk10,DS,1,0,0,,,20:56:08 18-May-2017,NP,,,,,,,,401650000,-129
ex1,1,Mk10,DS,3,0,0,26,17,00:08:44 19-May-2017,MA,Z,34.0301,-75.6091,44.7931,-19.3714,30,,401678004,-131
ex1,1,Mk10,DS,1,0,1,,,01:30:43 19-May-2017,SR,,,,,,,,401650000,-136
ex1,1,Mk10,DS,4,0,2,29,23,02:40:49 19-May-2017,MB,0,35.5740,-74.0033,31.4294,-94.8852,60,,401677691,-127
ex1,1,Mk10,DS,7,0,5,21,15,09:28:57 19-May-2017,SR,0,35.4281,-74.7788,42.2597,-40.7963,50,,401677581,-129
ex1,1,Mk10,DS,4,0,3,41,19,11:16:11 19-May-2017,NK,1,35.3242,-75.1617,33.4041,-65.9798,60,,401677667,-123
ex1,1,Mk10,DS,3,0,2,59,53,14:10:16 19-May-2017,MA,A,35.3216,-74.8400,31.1654,-55.0004,,,401677641,-120
ex1,1,Mk10,DS,4,0,4,36,21,15:04:05 19-May-2017,MB,0,35.2380,-74.7194,36.3038,-79.8963,60,,401677594,-125
ex1,1,Mk10,DS,7,0,6,20,18,18:58:56 19-May-2017,NP,0,35.1793,-76.3334,39.9540,-52.6577,50,,401677743,-130
ex1,1,Mk10,DS,5,0,2,29,15,20:44:47 19-May-2017,NP,0,29.4755,-101.5408,35.2078,-75.0354,50,,401677711,-132
ex1,1,Mk10,DS,8,0,3,20,16,22:31:26 19-May-2017,NN,1,35.4280,-74.7739,41.3089,-47.3170,68,,401677603,-129
ex1,1,Mk10,DS,9,0,3,17,16,22:31:26 19-May-2017,NK,Z,35.1591,-77.2339,37.0870,-67.4662,37,,401677753,-127
ex1,1,Mk10,DS,5,0,3,27,18,23:16:53 19-May-2017,SR,Z,35.4658,-76.0396,34.4842,-71.1677,38,,401677668,-119
ex1,1,Mk10,DS,2,0,1,15,15,00:44:15 20-May-2017,MB,B,35.2057,-74.5743,42.7329,-36.2588,8,,401677711,-132
ex1,1,Mk10,DS,3,0,2,39,21,01:35:15 20-May-2017,MA,Z,35.8783,-74.6212,39.1848,-58.3532,38,,401677595,-125
ex1,1,Mk10,DS,4,0,1,49,15,02:26:18 20-May-2017,MB,0,35.3773,-74.6999,33.4794,-83.8638,48,,401677565,-126
ex1,1,Mk10,DS,6,0,6,21,15,10:38:56 20-May-2017,SR,,,,,,,,401650000,-130
ex1,1,Mk10,DS,5,0,4,23,18,13:55:13 20-May-2017,MA,Z,35.0903,-74.9117,29.0346,-44.9490,30,,401677549,-127
ex1,1,Mk10,DS,7,0,5,66,15,20:32:39 20-May-2017,NP,0,30.6533,-96.2803,35.1906,-74.9263,50,,401677611,-129
ex1,1,Mk10,DS,7,0,4,20,15,22:22:09 20-May-2017,NN,0,35.4588,-74.9399,42.6567,-41.1917,68,,401677552,-130
ex1,1,Mk10,DS,2,0,0,33,33,23:55:54 20-May-2017,NN,B,35.0583,-75.0629,32.0647,-89.3886,8,,401677598,-128
ex1,1,Mk10,DS,5,0,3,25,17,00:28:48 21-May-2017,SR,0,35.2335,-74.8906,41.0539,-105.0742,58,,401677560,-126
ex1,1,Mk10,DS,3,0,1,37,19,02:00:31 21-May-2017,MB,A,34.9966,-77.3477,36.1175,-71.6625,8,,401677598,-131
ex1,1,Mk10,DS,7,0,4,45,18,02:47:54 21-May-2017,MA,1,30.7612,-96.9538,35.2140,-74.8796,50,,401677539,-122
ex1,1,Mk10,DS,5,0,2,25,20,08:57:43 21-May-2017,NP,1,35.2119,-74.9180,36.9845,-83.3027,68,,401677561,-122
ex1,1,Mk10,DS,5,0,2,21,16,09:58:05 21-May-2017,SR,Z,35.4208,-76.9924,39.1520,-57.3051,34,,401677710,-132
ex1,1,Mk10,DS,5,0,1,30,16,11:44:52 21-May-2017,SR,0,35.3396,-74.9153,28.8164,-106.0855,55,,401677592,-127
ex1,1,Mk10,DS,7,0,5,20,15,12:07:05 21-May-2017,NK,0,35.2313,-74.9058,38.3336,-89.9005,57,,401677614,-121
ex1,1,Mk10,DS,2,0,2,17,17,14:00:24 21-May-2017,NN,B,35.6524,-75.5154,45.6324,-122.4618,8,,401677561,-135
ex1,1,Mk10,DS,6,0,5,27,16,14:20:43 21-May-2017,MB,0,35.1993,-75.5998,31.8785,-59.5741,58,,401677701,-125
ex1,1,Mk10,DS,3,0,2,43,17,15:06:18 21-May-2017,MA,,,,,,,,401650000,-122
ex1,1,Mk10,DS,4,0,4,25,18,16:47:34 21-May-2017,MA,Z,35.6442,-74.4491,46.9275,-131.3547,38,,401677860,-129
ex1,1,Mk10,DS,4,0,2,32,22,21:44:21 21-May-2017,NK,0,35.0659,-74.8174,40.8428,-45.6193,50,,401677657,-127
ex1,1,Mk10,DS,3,0,3,114,80,22:08:33 21-May-2017,NN,A,35.2762,-74.7534,43.2410,-36.4688,60,,401677576,-133
ex1,1,Mk10,DS,9,0,5,42,15,02:25:21 22-May-2017,MA,0,35.1978,-74.6031,32.6369,-87.3164,48,,401677692,-129
ex1,1,Mk10,DS,6,0,3,34,15,07:05:19 22-May-2017,NP,0,35.1639,-74.8635,25.4239,-30.0199,68,,401677524,-131
ex1,1,Mk10,DS,4,0,1,33,24,08:52:16 22-May-2017,NP,Z,35.4040,-72.1834,36.6105,-79.3914,38,,401677475,-130
ex1,1,Mk10,DS,2,0,2,16,16,10:34:01 22-May-2017,NN,B,34.9717,-74.9715,23.9051,-22.9338,8,,401677493,-135
ex1,1,Mk10,DS,8,0,4,23,17,14:47:57 22-May-2017,MA,,,,,,,,401650000,-115
ex1,1,Mk10,DS,6,0,4,23,16,18:25:32 22-May-2017,NP,Z,34.8726,-75.4339,42.7398,-36.4504,38,,401677759,-133
ex1,1,Mk10,DS,4,0,2,19,18,20:16:04 22-May-2017,NP,Z,36.1105,-74.9503,34.4227,-85.2640,30,,401677565,-135
ex1,1,Mk10,DS,3,0,2,45,33,21:55:55 22-May-2017,NN,A,35.3802,-74.5243,44.5425,-30.6661,,,401677617,-135
ex1,1,Mk10,DS,9,1,4,,,23:01:36 22-May-2017,NK,0,33.9360,-81.3798,35.2937,-74.8934,50,,401677571,-120
ex1,1,Mk10,DS,9,0,2,21,15,23:35:35 22-May-2017,NN,0,35.2132,-75.0621,34.5739,-78.0393,56,,401677573,-123
ex1,1,Mk10,DS,2,0,1,152,152,01:06:32 23-May-2017,SR,B,35.2024,-75.2760,44.2829,-122.6518,8,,401677571,-134
ex1,1,Mk10,DS,5,0,4,51,18,08:38:20 23-May-2017,NP,Z,33.8445,-68.2672,38.6285,-91.3572,38,,401650000,-132
ex1,1,Mk10,DS,6,0,5,29,17,09:00:15 23-May-2017,SR,0,35.1905,-74.6914,43.9190,-29.3178,58,,401677610,-132
ex1,1,Mk10,DS,5,0,5,23,19,10:11:45 23-May-2017,NP,0,35.3291,-74.2627,45.2473,-121.2866,65,,401677745,-132
ex1,1,Mk10,DS,4,0,4,42,15,10:34:30 23-May-2017,SR,Z,37.3091,-70.2986,35.2503,-82.8355,36,,401677698,-135
ex1,1,Mk10,DS,3,0,1,44,33,12:04:40 23-May-2017,NN,Z,35.4112,-75.6890,33.0350,-64.1162,38,,401677521,-129
ex1,1,Mk10,DS,1,0,0,,,12:53:59 23-May-2017,NK,,,,,,,,401650000,-135
ex1,1,Mk10,DS,5,0,5,21,15,19:59:20 23-May-2017,NP,0,35.3300,-74.8579,34.2899,-79.7020,58,,401677563,-122
ex1,1,Mk10,DS,6,0,2,26,16,00:17:05 24-May-2017,NK,0,35.2486,-75.0597,26.2995,-116.7111,50,,401677605,-128
ex1,1,Mk10,DS,1,0,1,,,01:53:19 24-May-2017,MA,,,,,,,,401650000,-133
ex1,1,Mk10,DS,2,0,2,59,59,08:17:58 24-May-2017,NP,B,35.0531,-75.8813,31.3407,-64.8691,,,401677610,-132
ex1,1,Mk10,DS,1,0,1,,,10:12:46 24-May-2017,SR,,,,,,,,401650000,-133
ex1,1,Mk10,DS,8,0,4,22,15,11:49:25 24-May-2017,SR,0,35.3335,-75.0576,28.2237,-109.3065,50,,401677613,-129
ex1,1,Mk10,DS,6,0,4,31,18,11:49:25 24-May-2017,NN,1,32.0103,-59.5128,35.2510,-74.7529,50,,401677617,-124
ex1,1,Mk10,DS,5,0,4,25,17,12:36:08 24-May-2017,NK,0,35.2541,-75.0302,40.5093,-101.7083,58,,401677577,-128
ex1,1,Mk10,DS,4,0,4,33,16,13:28:22 24-May-2017,NN,0,35.4272,-74.9250,42.2261,-107.1204,67,,401677639,-127
ex1,1,Mk10,DS,1,0,1,,,14:14:36 24-May-2017,MA,,,,,,,,401650000,-135
ex1,1,Mk10,DS,5,0,4,27,17,15:45:55 24-May-2017,MA,0,35.3811,-74.6129,40.8602,-101.3531,58,,401677686,-120
ex1,1,Mk10,DS,1,0,0,,,23:06:54 24-May-2017,NN,,,,,,,,401650000,-140
ex1,1,Mk10,DS,4,0,3,39,16,23:52:26 24-May-2017,NK,0,35.3602,-74.9363,28.9506,-104.9127,50,,401677565,-128
ex1,1,Mk10,DS,8,0,5,43,15,02:20:32 25-May-2017,MB,1,35.2792,-74.8647,33.7845,-82.2495,50,,401677579,-126
ex1,1,Mk10,DS,5,0,5,146,15,08:11:59 25-May-2017,NP,1,35.2638,-74.8049,32.5008,-60.8647,58,,401677536,-129
ex1,1,Mk10,DS,4,0,4,24,17,09:54:23 25-May-2017,NP,0,35.2184,-75.0617,42.1070,-109.2046,68,,401677565,-132
ex1,1,Mk10,DS,1,0,1,,,11:31:51 25-May-2017,NN,,,,,,,,401650000,-137
ex1,1,Mk10,DS,2,0,1,37,37,13:18:03 25-May-2017,NN,B,35.2461,-75.0765,40.7385,-101.4758,8,,401677536,-132
ex1,1,Mk10,DS,6,0,3,40,17,13:45:28 25-May-2017,MA,0,35.5233,-74.8859,28.8352,-43.4302,68,,401677688,-124
ex1,1,Mk10,DS,5,0,3,17,16,14:39:42 25-May-2017,MB,Z,35.4716,-75.2434,33.9541,-67.9009,38,,401677654,-125
ex1,1,Mk10,DS,2,0,1,38,38,19:40:25 25-May-2017,NP,B,35.0400,-76.1655,37.3207,-69.0836,8,,401677536,-133
ex1,1,Mk10,DS,2,0,1,15,15,21:19:12 25-May-2017,NP,B,35.7169,-74.8848,26.4338,-117.3842,,,401677536,-132
ex1,1,Mk10,DS,1,0,1,,,21:21:57 25-May-2017,NN,,,,,,,,401650000,-137
ex1,1,Mk10,DS,5,0,3,27,15,22:58:53 25-May-2017,NN,1,35.3623,-74.7948,38.1205,-61.4986,60,,401677651,-124
ex1,1,Mk10,DS,5,0,4,24,17,23:20:06 25-May-2017,NK,0,36.5347,-72.7769,31.9397,-96.2773,60,,401677776,-130
ex1,1,Mk10,DS,3,0,2,41,19,23:35:23 25-May-2017,SR,Z,35.3130,-74.1434,36.2740,-79.0656,30,,401677544,-135
ex1,1,Mk10,DS,3,0,3,36,28,01:00:45 26-May-2017,MA,A,35.1089,-73.6469,39.7992,-48.9428,,,401677517,-130
ex1,1,Mk10,DS,7,0,3,36,18,02:46:40 26-May-2017,MA,1,35.4872,-74.7095,31.1666,-95.6443,50,,401650000,-131
ex1,1,Mk10,DS,8,0,5,45,16,07:59:13 26-May-2017,NP,2,35.4931,-74.6809,31.3916,-55.8576,68,,401677534,-124
ex1,1,Mk10,DS,5,0,1,34,16,09:39:32 26-May-2017,NP,Z,35.5839,-74.6533,41.3267,-103.8862,51,,401650000,-131
ex1,1,Mk10,DS,4,0,3,16,16,10:03:03 26-May-2017,NK,0,35.7540,-74.5431,26.4770,-30.3118,65,,401677705,-131
ex1,1,Mk10,DS,4,0,3,29,16,15:11:03 26-May-2017,MA,0,35.2584,-74.1074,36.7377,-81.8132,58,,401677543,-125
ex1,1,Mk10,DS,5,0,4,53,20,16:44:22 26-May-2017,MA,0,35.7417,-74.6336,46.6588,-129.3226,58,,401677657,-129
ex1,1,Mk10,DS,2,0,2,24,24,19:18:10 26-May-2017,NP,B,35.8368,-76.7970,38.4805,-62.3813,8,,401677657,-134
ex1,1,Mk10,DS,4,0,4,53,20,21:17:19 26-May-2017,NK,0,35.0772,-75.0579,43.2057,-33.2215,58,,401650000,-137
ex1,1,Mk10,DS,2,0,0,22,22,23:04:42 26-May-2017,SR,B,34.7328,-73.8213,32.9989,-64.4681,8,,401677657,-128
ex1,1,Mk10,DS,3,0,1,60,22,23:04:54 26-May-2017,NK,,,,,,,,401650000,-129
ex1,1,Mk10,DS,5,0,3,33,19,02:21:24 27-May-2017,MA,0,36.0526,-73.4915,33.3470,-87.3092,58,,401677698,-124
ex1,1,Mk10,DS,3,0,3,32,22,08:36:38 27-May-2017,SR,A,35.4311,-74.6459,46.2173,-17.5650,60,,401677566,-138
ex1,1,Mk10,DS,3,0,2,60,15,09:38:53 27-May-2017,NK,A,35.4339,-74.2865,23.8734,-18.7327,6,,401677592,-135
ex1,1,Mk10,DS,4,0,4,58,20,11:55:47 27-May-2017,SR,1,27.6223,-112.6070,35.4250,-74.9106,60,,401677615,-126
ex1,1,Mk10,DS,7,0,5,21,15,12:49:17 27-May-2017,NN,Z,34.5362,-73.6865,38.4419,-92.3723,38,,401677651,-127
ex1,1,Mk10,DS,8,0,5,42,16,14:43:44 27-May-2017,MA,0,35.5336,-74.7859,34.8272,-71.4246,48,,401677584,-115
ex1,1,Mk10,DS,7,0,3,22,15,22:29:02 27-May-2017,SR,1,35.5712,-74.6173,30.2743,-48.9607,58,,401677678,-124
ex1,1,Mk10,DS,2,0,2,20,20,22:29:19 27-May-2017,NK,B,35.1970,-76.7062,36.6616,-68.2403,6,,401677678,-135
ex1,1,Mk10,DS,8,0,3,18,15,00:07:30 28-May-2017,SR,0,35.5332,-74.5901,39.9660,-96.5531,68,,401677680,-121
ex1,1,Mk10,DS,2,0,1,78,78,01:18:36 28-May-2017,MB,B,35.3014,-74.7401,39.6942,-52.7308,8,,401677678,-132
ex1,1,Mk10,DS,1,0,1,,,02:58:25 28-May-2017,MB,,,,,,,,401650000,-134
ex1,1,Mk10,DS,4,0,2,44,21,07:38:20 28-May-2017,NP,1,35.4443,-74.5990,29.1498,-44.8891,68,,401677588,-127
ex1,1,Mk10,DS,2,0,1,18,18,11:04:32 28-May-2017,NN,B,35.3534,-74.4454,27.4227,-37.2574,8,,401677588,-133
ex1,1,Mk10,DS,5,0,4,32,19,14:20:44 28-May-2017,NN,0,35.7901,-74.6058,47.9254,-133.1261,58,,401677717,-135
ex1,1,Mk10,DS,9,0,5,22,16,14:21:08 28-May-2017,MA,0,32.1582,-60.7789,35.3269,-76.0088,58,,401677597,-125
ex1,1,Mk10,DS,6,0,6,59,19,19:01:20 28-May-2017,NP,0,35.3750,-74.6951,40.0107,-52.4921,56,,401677584,-125
ex1,1,Mk10,DS,3,0,3,38,26,23:48:35 28-May-2017,NK,A,35.2654,-74.7511,29.0636,-105.1474,8,,401677650,-131
ex1,1,Mk10,DS,8,0,6,26,16,01:45:14 29-May-2017,MA,1,35.4076,-74.6889,37.2026,-65.9521,58,,401677567,-114
ex1,1,Mk10,DS,5,0,4,31,19,03:24:50 29-May-2017,MA,0,35.2706,-74.9752,27.2574,-113.3870,66,,401677651,-122
ex1,1,Mk10,DS,8,0,6,39,15,12:09:50 29-May-2017,NK,0,35.3402,-74.8976,38.2851,-89.6141,48,,401677560,-124
ex1,1,Mk10,DS,6,0,1,18,17,14:08:50 29-May-2017,MA,0,35.3706,-75.3430,30.4967,-51.0248,68,,401677501,-124
ex1,1,Mk10,DS,1,0,0,,,14:09:17 29-May-2017,NN,,,,,,,,401650000,-133
ex1,1,Mk10,DS,7,0,0,24,18,15:43:20 29-May-2017,MA,1,35.4785,-74.7983,40.1987,-99.3413,58,,401677685,-119
ex1,1,Mk10,DS,1,0,1,,,21:39:57 29-May-2017,NK,,,,,,,,401650000,-137
ex1,1,Mk10,DS,8,0,3,18,16,23:26:33 29-May-2017,NK,0,35.3205,-74.9513,31.5102,-93.0191,58,,401650000,-127
ex1,1,Mk10,DS,11,0,4,20,14,23:57:41 29-May-2017,NN,0,32.7503,-86.7779,35.3782,-74.7295,58,,401677557,-124
ex1,1,Mk10,DS,9,2,0,,,01:20:37 30-May-2017,MA,0,35.1835,-75.0614,39.0309,-55.5205,58,,401677646,-121
ex1,1,Mk10,DS,6,0,1,24,15,08:58:55 30-May-2017,NP,,,,,,,,401650000,-127
ex1,1,Mk10,DS,9,0,1,17,15,11:42:51 30-May-2017,NK,0,35.2440,-75.0436,35.7787,-77.6255,50,,401677614,-121
ex1,1,Mk10,DS,5,0,1,29,17,12:14:47 30-May-2017,NN,0,32.6905,-69.6748,34.9273,-80.2825,58,,401677699,-128
ex1,1,Mk10,DS,7,0,2,24,15,13:58:45 30-May-2017,NN,0,45.1833,-121.4227,35.4769,-74.9461,50,,401677831,-129
ex1,1,Mk10,DS,1,0,1,,,22:41:49 30-May-2017,SR,,,,,,,,401650000,-137
ex1,1,Mk10,DS,5,0,3,25,14,23:47:37 30-May-2017,NN,Z,33.0302,-82.5171,35.2383,-72.1236,36,,401650000,-130
ex1,1,Mk10,DS,8,0,4,20,14,00:16:29 31-May-2017,SR,0,35.1608,-75.0232,39.9168,-99.3250,58,,401677588,-123
ex1,1,Mk10,DS,4,0,4,54,15,00:42:24 31-May-2017,NK,0,35.0304,-75.2998,23.6309,-128.1306,66,,401677627,-132
ex1,1,Mk10,DS,2,0,2,21,21,08:36:56 31-May-2017,NP,,,,,,,,401650000,-135
ex1,1,Mk10,DS,6,0,1,22,16,09:54:38 31-May-2017,SR,0,34.9660,-75.3708,39.5916,-52.4783,58,,401677516,-130
ex1,1,Mk10,DS,7,0,2,22,16,11:31:15 31-May-2017,SR,1,35.0854,-75.0417,29.8070,-100.5133,68,,401677555,-124
ex1,1,Mk10,DS,3,0,2,35,33,13:26:34 31-May-2017,MA,A,34.7204,-74.6579,26.0868,-32.3097,,,401677578,-133
ex1,1,Mk10,DS,1,0,0,,,15:52:40 31-May-2017,MB,,,,,,,,401650000,-134
ex1,1,Mk10,DS,3,0,1,51,16,16:41:46 31-May-2017,MA,A,35.3467,-75.1154,45.6833,-127.3619,,,401677658,-126
ex1,1,Mk10,DS,4,0,3,43,19,21:50:39 31-May-2017,NN,0,34.9549,-74.9423,44.6816,-27.3958,58,,401677609,-133
ex1,1,Mk10,DS,3,0,3,66,19,23:37:32 31-May-2017,NN,,,,,,,,401650000,-132
ex1,1,Mk10,DS,1,0,1,,,01:21:35 01-Jun-2017,SR,,,,,,,,401650000,-135
ex1,1,Mk10,DS,1,0,1,,,03:19:03 01-Jun-2017,MB,,,,,,,,401650000,-135
ex1,1,Mk10,DS,4,0,4,17,17,08:26:53 01-Jun-2017,NP,Z,34.7130,-77.2883,33.1324,-68.9947,38,,401677597,-136
ex1,1,Mk10,DS,7,0,3,17,15,10:52:34 01-Jun-2017,NK,0,35.1842,-74.9558,30.7563,-53.9738,50,,401677621,-124
ex1,1,Mk10,DS,2,0,1,33,33,10:53:25 01-Jun-2017,SR,B,34.9824,-74.4072,32.7699,-86.8724,,,401677609,-133
ex1,1,Mk10,DS,3,0,2,37,21,13:31:37 01-Jun-2017,NN,A,35.1623,-74.6542,42.9053,-111.0383,,,401677621,-133
ex1,1,Mk10,DS,2,0,2,58,58,13:54:56 01-Jun-2017,MB,B,35.2468,-75.0270,29.3280,-46.3913,,,401677609,-132
ex1,1,Mk10,DS,1,0,0,,,16:18:58 01-Jun-2017,MA,,,,,,,,401650000,-127
ex1,1,Mk10,DS,1,0,1,,,18:10:40 01-Jun-2017,NP,,,,,,,,401650000,-138
ex1,1,Mk10,DS,1,0,0,,,20:02:17 01-Jun-2017,NP,,,,,,,,401650000,-136
ex1,1,Mk10,DS,3,0,1,28,21,23:51:21 01-Jun-2017,NK,A,35.3109,-75.0792,29.0309,-104.7141,,,401677645,-127
ex1,1,Mk10,DS,9,1,0,,,08:49:25 02-Jun-2017,SR,0,35.3806,-74.5548,45.1778,-23.9142,60,,401677645,-131
ex1,1,Mk10,DS,4,0,4,25,17,12:04:22 02-Jun-2017,SR,0,35.2611,-74.5833,26.3636,-118.9997,68,,401677632,-137
ex1,1,Mk10,DS,3,0,2,25,17,12:04:35 02-Jun-2017,NK,A,34.8481,-74.0595,38.2954,-90.8442,8,,401677644,-131
ex1,1,Mk10,DS,5,0,4,34,19,13:27:24 02-Jun-2017,NN,0,35.3342,-75.0449,41.3563,-104.6017,58,,401677577,-127
ex1,1,Mk10,DS,9,1,1,,,14:25:35 02-Jun-2017,MA,0,35.3059,-74.9786,32.2447,-59.7138,58,,401677524,-122
ex1,1,Mk10,DS,7,0,2,25,14,15:58:04 02-Jun-2017,MA,0,35.3324,-74.2839,42.3295,-108.5256,58,,401677697,-125
ex1,1,Mk10,DS,9,0,4,32,15,19:49:38 02-Jun-2017,NP,,,,,,,,401650000,-121
ex1,1,Mk10,DS,6,0,3,26,15,21:41:50 02-Jun-2017,NK,0,35.0736,-75.7438,41.2119,-44.4909,58,,401677749,-128
ex1,1,Mk10,DS,1,0,1,,,23:13:08 02-Jun-2017,NN,,,,,,,,401650000,-137
ex1,1,Mk10,DS,3,0,2,25,16,23:21:12 02-Jun-2017,NK,A,35.4078,-74.6803,31.6457,-93.4277,8,,401677543,-133
ex1,1,Mk10,DS,3,0,2,62,39,00:48:42 03-Jun-2017,NN,A,35.4008,-74.7634,27.2681,-112.4536,,,401677505,-130
ex1,1,Mk10,DS,6,0,3,29,16,01:44:36 03-Jun-2017,MA,0,35.2747,-75.3254,37.7043,-63.3900,57,,401677518,-120
ex1,1,Mk10,DS,10,1,2,,,11:45:21 03-Jun-2017,NK,0,35.4140,-74.8566,35.9696,-77.6139,58,,401677543,-122
ex1,1,Mk10,DS,9,0,3,17,15,13:17:25 03-Jun-2017,NN,0,35.2460,-74.7033,40.2718,-99.2464,50,,401677520,-128
ex1,1,Mk10,DS,7,0,1,22,16,14:54:31 03-Jun-2017,MB,,,,,,,,401650000,-120
ex1,1,Mk10,DS,4,0,4,46,21,17:54:57 03-Jun-2017,NP,0,35.7617,-74.3362,47.2019,-19.3101,50,,401677611,-137
ex1,1,Mk10,DS,9,0,6,30,15,21:21:54 03-Jun-2017,NK,1,35.5788,-74.4928,43.7666,-34.0476,50,,401677596,-131
ex1,1,Mk10,DS,5,0,3,29,21,23:01:42 03-Jun-2017,NN,Z,35.0442,-75.8266,39.0321,-57.3246,36,,401677494,-130
ex1,1,Mk10,DS,5,0,0,29,17,23:01:42 03-Jun-2017,NK,0,35.5111,-74.7980,34.1599,-81.2668,58,,401677559,-121
ex1,1,Mk10,DS,10,0,8,31,15,23:51:20 03-Jun-2017,SR,0,35.5550,-74.8913,38.0472,-87.4045,48,,401650000,-126
ex1,1,Mk10,DS,7,1,2,,,01:21:14 04-Jun-2017,MA,0,35.5683,-74.6804,39.6861,-54.5149,58,,401677562,-120
ex1,1,Mk10,DS,6,0,4,25,16,03:03:58 04-Jun-2017,MA,0,35.6368,-74.8359,29.9720,-101.7751,68,,401677544,-126
ex1,1,Mk10,DS,5,0,1,27,15,09:28:10 04-Jun-2017,SR,0,35.6721,-74.5529,42.2099,-41.9989,68,,401677568,-130
ex1,1,Mk10,DS,5,0,2,26,18,11:00:07 04-Jun-2017,SR,Z,36.2219,-73.3867,32.8866,-91.5399,38,,401677670,-132
ex1,1,Mk10,DS,4,0,3,32,16,11:23:30 04-Jun-2017,NK,Z,35.7093,-75.4785,33.6614,-64.6024,38,,401677510,-128
ex1,1,Mk10,DS,8,0,6,28,16,11:24:20 04-Jun-2017,NN,0,35.4037,-74.6641,29.2941,-45.7519,58,,401677515,-126
ex1,1,Mk10,DS,1,0,1,,,16:57:48 04-Jun-2017,MA,,,,,,,,401650000,-133
ex1,1,Mk10,DS,5,0,3,31,18,19:17:55 04-Jun-2017,NP,Z,35.3985,-75.6749,38.4600,-60.7508,30,,401677701,-129
ex1,1,Mk10,DS,4,0,1,50,18,22:49:24 04-Jun-2017,NN,0,35.6358,-74.9276,40.3071,-53.0982,60,,401677515,-127
ex1,1,Mk10,DS,8,0,0,19,16,23:20:27 04-Jun-2017,SR,0,35.4729,-73.9911,35.3741,-73.4974,50,,401677578,-120
ex1,1,Mk10,DS,7,0,4,26,19,00:59:37 05-Jun-2017,SR,0,35.7821,-74.8082,44.5133,-120.2170,50,,401650000,-133
ex1,1,Mk10,DS,7,0,5,22,19,00:59:49 05-Jun-2017,MA,1,35.6239,-74.4573,41.5438,-44.8863,56,,401677577,-121
ex1,1,Mk10,DS,4,0,3,39,21,02:37:40 05-Jun-2017,MA,0,35.5143,-74.5033,31.8996,-92.4795,58,,401677577,-125
ex1,1,Mk10,DS,2,0,2,18,18,08:54:25 05-Jun-2017,SR,B,35.5113,-74.5358,44.5853,-27.0835,8,,401677577,-137
ex1,1,Mk10,DS,3,0,3,38,35,09:28:04 05-Jun-2017,NP,A,35.6750,-74.5390,40.1677,-96.5172,8,,401677508,-132
ex1,1,Mk10,DS,3,0,2,34,18,12:32:23 05-Jun-2017,NK,A,35.9028,-74.5225,41.3723,-101.3523,8,,401677719,-128
ex1,1,Mk10,DS,5,0,4,22,16,19:15:41 05-Jun-2017,NP,Z,34.8439,-75.9695,39.5173,-54.1430,30,,401677498,-133
ex1,1,Mk10,DS,1,0,1,,,20:46:27 05-Jun-2017,NP,,,,,,,,401650000,-137
ex1,1,Mk10,DS,4,0,1,23,15,22:44:46 05-Jun-2017,SR,Z,31.5245,-56.9707,35.5288,-76.3445,30,,401677654,-131
ex1,1,Mk10,DS,1,0,1,,,23:53:52 05-Jun-2017,NK,,,,,,,,401650000,-137
ex1,1,Mk10,DS,5,0,2,25,17,00:15:37 06-Jun-2017,NN,0,35.7940,-74.8496,31.2398,-95.6246,50,,401677591,-128
ex1,1,Mk10,DS,2,0,2,36,36,00:31:12 06-Jun-2017,SR,B,35.6465,-74.8499,41.4906,-105.1321,,,401677577,-133
ex1,1,Mk10,DS,3,0,2,46,20,07:38:25 06-Jun-2017,NP,A,35.4885,-74.6479,28.8684,-43.1234,,,401677592,-132
ex1,1,Mk10,DS,5,0,1,22,16,09:18:43 06-Jun-2017,NP,0,35.6722,-75.2650,38.7627,-90.3560,50,,401677617,-124
ex1,1,Mk10,DS,5,0,4,19,16,09:58:06 06-Jun-2017,SR,Z,35.8553,-75.6069,38.6695,-59.6495,30,,401677885,-133
ex1,1,Mk10,DS,1,0,1,,,10:52:52 06-Jun-2017,NN,,,,,,,,401650000,-137
ex1,1,Mk10,DS,1,0,1,,,11:45:29 06-Jun-2017,SR,,,,,,,,401650000,-138
ex1,1,Mk10,DS,12,1,2,,,22:19:28 06-Jun-2017,SR,0,35.6669,-74.6472,29.3822,-43.1947,50,,401677577,-127
ex1,1,Mk10,DS,14,3,1,,,22:19:46 06-Jun-2017,NN,0,35.5523,-74.7803,42.1852,-42.1554,50,,401677675,-127
ex1,1,Mk10,DS,4,0,0,18,15,23:20:07 06-Jun-2017,NK,0,36.6246,-73.2035,32.2748,-95.7468,68,,401677730,-130
ex1,1,Mk10,DS,5,0,2,35,19,00:02:46 07-Jun-2017,SR,0,35.6010,-74.2442,38.6833,-90.8335,68,,401677518,-134
ex1,1,Mk10,DS,10,2,0,,,00:02:56 07-Jun-2017,NN,1,32.4504,-90.0979,35.7454,-74.8905,50,,401677627,-123
ex1,1,Mk10,DS,3,0,3,53,16,01:11:44 07-Jun-2017,MB,A,35.7084,-74.6914,40.6376,-49.6969,6,,401677616,-134
ex1,1,Mk10,DS,13,3,3,,,01:55:01 07-Jun-2017,MA,,,,,,,,401650000,-117
ex1,1,Mk10,DS,2,0,0,15,15,02:47:56 07-Jun-2017,MB,B,35.7615,-74.6725,31.2003,-97.9565,8,,401677578,-128
ex1,1,Mk10,DS,4,0,3,41,19,03:41:25 07-Jun-2017,MA,0,36.1022,-74.7427,26.3657,-120.1999,68,,401677489,-129
ex1,1,Mk10,DS,10,2,4,,,07:24:00 07-Jun-2017,NP,1,27.8870,-37.5222,35.7502,-74.5262,60,,401677591,-128
ex1,1,Mk10,DS,3,0,2,34,15,09:28:48 07-Jun-2017,SR,Z,35.4404,-75.9597,41.6093,-43.8035,35,,401677814,-131
ex1,1,Mk10,DS,1,0,1,,,11:16:41 07-Jun-2017,SR,,,,,,,,401650000,-136
ex1,1,Mk10,DS,1,0,0,,,12:20:28 07-Jun-2017,NN,,,,,,,,401650000,-137
ex1,1,Mk10,DS,1,0,1,,,14:12:05 07-Jun-2017,MA,,,,,,,,401650000,-134
ex1,1,Mk10,DS,7,0,5,25,17,15:12:55 07-Jun-2017,MB,1,35.8774,-74.9616,37.3902,-82.5392,58,,401677595,-125
ex1,1,Mk10,DS,5,0,1,27,18,22:12:20 07-Jun-2017,NN,0,36.0829,-74.8703,44.1713,-36.7272,68,,401677518,-133
ex1,1,Mk10,DS,5,0,4,25,17,01:42:04 08-Jun-2017,MA,Z,34.9922,-76.1364,38.2251,-60.4451,38,,401677515,-122
ex1,1,Mk10,DS,4,0,4,167,28,02:30:31 08-Jun-2017,MB,1,32.9880,-87.6925,35.7420,-74.9046,68,,401677590,-132
ex1,1,Mk10,DS,5,0,3,40,18,07:11:55 08-Jun-2017,NP,1,26.5894,-32.1826,35.6476,-74.4004,66,,401677561,-130
ex1,1,Mk10,DS,6,0,2,20,15,10:43:01 08-Jun-2017,SR,0,35.6884,-74.4928,34.9970,-77.9066,58,,401677569,-125
ex1,1,Mk10,DS,3,0,3,26,19,12:56:35 08-Jun-2017,NK,A,35.7202,-74.8285,43.5159,-113.1463,8,,401677633,-127
ex1,1,Mk10,DS,3,0,2,50,33,18:41:16 08-Jun-2017,NP,A,35.6319,-75.1683,43.3158,-38.8143,8,,401677524,-130
ex1,1,Mk10,DS,5,0,4,19,15,22:33:09 08-Jun-2017,NK,,,,,,,,401650000,-127
ex1,1,Mk10,DS,3,0,3,65,54,22:51:39 08-Jun-2017,SR,A,35.6340,-75.5393,32.6201,-60.7041,,,401677698,-126
ex1,1,Mk10,DS,3,0,3,34,18,00:11:26 09-Jun-2017,NK,Z,35.4462,-72.7293,25.9911,-118.7311,31,,401677976,-133
ex1,1,Mk10,DS,2,0,2,57,57,00:34:30 09-Jun-2017,SR,B,35.5398,-74.9136,42.0514,-108.4164,,,401677561,-128
ex1,1,Mk10,DS,3,0,2,50,17,02:11:04 09-Jun-2017,MB,A,35.5112,-74.7591,34.9421,-77.5236,,,401677540,-128
ex1,1,Mk10,DS,7,0,2,21,17,10:08:01 09-Jun-2017,SR,1,35.6569,-74.7160,37.9684,-62.8635,60,,401677647,-129
ex1,1,Mk10,DS,6,0,2,27,16,10:48:53 09-Jun-2017,NK,0,35.5805,-75.4520,31.0186,-53.4719,60,,401677711,-132
ex1,1,Mk10,DS,6,0,2,28,17,12:07:35 09-Jun-2017,NN,B,36.0743,-75.5606,33.7800,-63.8446,,,401677466,-124
ex1,1,Mk10,DS,6,0,3,28,19,12:30:25 09-Jun-2017,NK,0,35.7947,-74.5129,41.3638,-101.5457,50,,401677686,-124
ex1,1,Mk10,DS,3,0,3,36,34,13:44:45 09-Jun-2017,NN,A,35.3971,-74.7710,43.3069,-113.3514,,,401677465,-130
ex1,1,Mk10,DS,9,0,3,21,17,15:16:04 09-Jun-2017,MA,1,35.7159,-74.6974,37.9938,-86.0979,56,,401677645,-116
ex1,1,Mk10,DS,3,0,1,15,15,21:49:21 09-Jun-2017,NN,Z,35.7582,-74.8467,46.1873,-25.1189,38,,401677555,-137
ex1,1,Mk10,DS,8,0,1,18,16,00:02:01 10-Jun-2017,SR,1,35.6206,-74.6811,39.5001,-93.8986,68,,401677648,-122
ex1,1,Mk10,DS,2,0,1,44,44,01:53:29 10-Jun-2017,MB,B,36.2857,-73.6370,37.2074,-69.9886,8,,401677625,-132
ex1,1,Mk10,DS,9,0,4,19,15,08:30:52 10-Jun-2017,NP,0,35.4444,-74.6242,34.2655,-68.9825,50,,401677617,-124
ex1,1,Mk10,DS,11,1,4,,,11:16:52 10-Jun-2017,SR,0,31.2637,-95.4923,35.4132,-74.7584,56,,401677579,-124
ex1,1,Mk10,DS,8,0,1,19,15,12:09:58 10-Jun-2017,NK,1,35.4498,-74.8557,38.3373,-89.3381,68,,401677603,-123
ex1,1,Mk10,DS,3,0,0,17,17,13:34:35 10-Jun-2017,NN,A,35.4794,-75.1567,42.0367,-107.4422,7,,401677640,-127
ex1,1,Mk10,DS,4,0,3,18,16,15:45:42 10-Jun-2017,MB,0,35.6300,-74.6122,41.0949,-101.4936,58,,401677609,-132
ex1,1,Mk10,DS,1,0,1,,,16:33:08 10-Jun-2017,MA,,,,,,,,401650000,-133
ex1,1,Mk10,DS,6,0,3,22,15,19:55:46 10-Jun-2017,NP,,,,,,,,401650000,-123
ex1,1,Mk10,DS,8,0,4,20,15,21:54:13 10-Jun-2017,SR,0,35.4717,-74.4042,26.8248,-31.7498,58,,401677602,-130
ex1,1,Mk10,DS,8,0,0,18,14,23:13:26 10-Jun-2017,NN,0,35.5027,-75.0745,37.1086,-67.3647,55,,401677660,-122
ex1,1,Mk10,DS,5,0,2,28,17,00:55:21 11-Jun-2017,NN,0,35.4871,-74.7639,26.7905,-115.4995,56,,401677602,-137
ex1,1,Mk10,DS,2,0,0,17,17,02:21:40 11-Jun-2017,MA,B,35.8913,-74.2572,32.7903,-82.6492,8,,401677602,-131
ex1,1,Mk10,DS,6,0,2,30,17,09:11:36 11-Jun-2017,SR,0,35.7978,-75.1433,44.3305,-32.5623,58,,401677529,-134
ex1,1,Mk10,DS,3,0,2,42,30,12:55:45 11-Jun-2017,MA,B,35.6549,-74.4676,24.3964,-18.7641,,,401677371,-133
ex1,1,Mk10,DS,5,0,0,33,16,13:21:56 11-Jun-2017,NN,0,35.6548,-74.7551,41.2489,-101.9457,60,,401677558,-129
ex1,1,Mk10,DS,3,0,3,17,17,13:21:16 11-Jun-2017,NK,Z,35.3772,-75.8292,45.2414,-124.3928,30,,401677254,-133
ex1,1,Mk10,DS,1,0,1,,,13:48:29 11-Jun-2017,MB,,,,,,,,401650000,-134
ex1,1,Mk10,DS,6,0,2,23,19,16:11:31 11-Jun-2017,MA,0,36.1181,-75.0770,44.0245,-114.0405,50,,401677591,-128
ex1,1,Mk10,DS,4,0,1,30,17,21:22:50 11-Jun-2017,NP,0,36.0111,-74.8713,26.4945,-118.9865,60,,401677572,-132
ex1,1,Mk10,DS,3,0,1,35,17,21:22:39 11-Jun-2017,NN,A,36.1483,-74.4410,48.0825,-14.4538,56,,401677572,-137
ex1,1,Mk10,DS,6,0,0,18,16,21:22:50 11-Jun-2017,NK,0,44.3810,-33.6618,36.0118,-74.8125,60,,401677402,-133
ex1,1,Mk10,DS,2,0,0,18,18,02:00:44 12-Jun-2017,MA,B,33.1404,-77.3735,36.1502,-69.2340,8,,401677572,-129
ex1,1,Mk10,DS,1,0,1,,,08:11:28 12-Jun-2017,NP,,,,,,,,401650000,-134
ex1,1,Mk10,DS,4,0,3,18,16,08:38:33 12-Jun-2017,SR,0,36.1503,-74.6449,46.9756,-18.5456,68,,401677549,-137
ex1,1,Mk10,DS,4,0,0,24,23,10:11:47 12-Jun-2017,SR,,,,,,,,401650000,-130
ex1,1,Mk10,DS,8,1,0,,,11:28:27 12-Jun-2017,NN,1,35.8104,-74.6831,30.1386,-48.4856,67,,401677590,-125
ex1,1,Mk10,DS,8,0,6,20,15,11:55:55 12-Jun-2017,SR,0,35.9603,-74.8541,28.0981,-113.5564,56,,401677584,-129
ex1,1,Mk10,DS,2,0,0,35,35,12:59:48 12-Jun-2017,NK,B,35.7459,-74.7562,43.2783,-112.9250,8,,401677590,-133
ex1,1,Mk10,DS,6,0,0,23,15,19:30:40 12-Jun-2017,NP,1,35.8208,-74.7205,37.7299,-65.6965,56,,401677619,-123
ex1,1,Mk10,DS,1,0,1,,,00:28:17 13-Jun-2017,NN,,,,,,,,401650000,-137
ex1,1,Mk10,DS,7,0,0,16,15,07:52:46 13-Jun-2017,NP,0,35.8361,-74.6739,30.9776,-52.4018,60,,401677631,-128
ex1,1,Mk10,DS,3,0,1,39,24,09:40:10 13-Jun-2017,SR,A,35.2933,-73.4473,39.2058,-52.4314,,,401677598,-138
ex1,1,Mk10,DS,3,0,3,39,19,09:40:10 13-Jun-2017,NP,Z,35.6963,-73.7426,41.1554,-100.8122,30,,401677520,-136
ex1,1,Mk10,DS,2,0,0,66,66,11:12:19 13-Jun-2017,NN,B,36.0106,-74.5602,27.9221,-41.7797,,,401677619,-131
ex1,1,Mk10,DS,7,0,4,20,15,12:37:02 13-Jun-2017,NK,0,35.6838,-74.0846,41.1010,-101.7117,60,,401677527,-132
ex1,1,Mk10,DS,8,0,2,22,17,13:53:13 13-Jun-2017,MA,1,35.8495,-74.6675,29.9984,-46.5740,60,,401677659,-120
ex1,1,Mk10,DS,4,0,4,38,19,22:15:33 13-Jun-2017,NK,Z,35.3305,-75.6964,39.4599,-55.8279,38,,401677531,-129
ex1,1,Mk10,DS,3,0,0,17,16,23:48:27 13-Jun-2017,NK,Z,35.6073,-74.1264,29.2289,-105.4563,38,,401677837,-127
ex1,1,Mk10,DS,6,1,0,,,00:23:22 14-Jun-2017,NN,0,35.8312,-74.8132,30.5912,-98.6516,58,,401677600,-126
ex1,1,Mk10,DS,8,2,1,,,02:11:15 14-Jun-2017,MB,,,,,,,,401650000,-128
ex1,1,Mk10,DS,2,0,1,43,43,07:39:45 14-Jun-2017,NP,B,35.6607,-75.3533,28.5984,-45.3214,,,401677666,-131
ex1,1,Mk10,DS,7,1,1,,,09:25:22 14-Jun-2017,NP,1,35.6562,-74.8539,39.6841,-94.4857,60,,401677580,-124
ex1,1,Mk10,DS,7,0,4,19,15,10:27:10 14-Jun-2017,NK,0,35.8024,-74.6087,28.8246,-41.7552,60,,401677665,-129
ex1,1,Mk10,DS,5,0,4,22,15,13:29:02 14-Jun-2017,MA,0,35.8434,-74.8132,27.8119,-37.2234,50,,401677617,-125
ex1,1,Mk10,DS,2,0,2,44,44,14:32:13 14-Jun-2017,MB,B,34.6178,-73.9291,32.4737,-62.2322,,,401677666,-131
ex1,1,Mk10,DS,5,0,1,25,14,15:08:14 14-Jun-2017,MA,Z,34.7450,-73.1464,37.6593,-87.4402,30,,401677724,-126
ex1,1,Mk10,DS,4,0,2,23,17,20:52:56 14-Jun-2017,NP,0,36.1681,-75.1164,30.4559,-101.7466,60,,401677598,-133
ex1,1,Mk10,DS,6,1,2,,,23:21:21 14-Jun-2017,NK,0,35.9536,-74.1831,32.0070,-93.8501,50,,401677688,-125
ex1,1,Mk10,DS,4,0,2,21,15,00:44:19 15-Jun-2017,SR,0,35.9765,-74.6097,44.0412,-115.0114,50,,401677688,-133
ex1,1,Mk10,DS,7,0,1,19,14,02:29:36 15-Jun-2017,MA,0,35.7855,-74.4389,32.7852,-89.4052,60,,401677706,-123
ex1,1,Mk10,DS,10,3,1,,,07:31:07 15-Jun-2017,NP,1,28.5986,-41.1593,35.8978,-74.6758,60,,401677493,-128
ex1,1,Mk10,DS,5,0,3,19,14,08:45:56 15-Jun-2017,SR,0,35.9118,-74.1983,46.2447,-21.8069,64,,401677703,-135
ex1,1,Mk10,DS,9,0,3,26,15,09:07:40 15-Jun-2017,NP,Z,35.3887,-72.8104,40.0658,-94.2074,35,,401677638,-132
ex1,1,Mk10,DS,2,0,2,37,37,10:07:40 15-Jun-2017,NK,B,35.4897,-75.1435,26.1066,-29.3733,8,,401650000,-137
ex1,1,Mk10,DS,1,0,1,,,10:28:22 15-Jun-2017,SR,,,,,,,,401650000,-139
ex1,1,Mk10,DS,7,0,4,22,15,10:54:26 15-Jun-2017,NN,0,35.8734,-74.4623,26.7363,-31.8035,56,,401677653,-130
ex1,1,Mk10,DS,5,0,1,27,17,12:38:34 15-Jun-2017,NN,B,35.7714,-71.8273,37.5929,-81.5161,8,,401677562,-131
ex1,1,Mk10,DS,6,1,4,,,00:02:32 16-Jun-2017,NN,0,35.9546,-74.4635,33.2437,-87.6874,60,,401677565,-125
ex1,1,Mk10,DS,1,0,1,,,01:21:35 16-Jun-2017,MB,,,,,,,,401650000,-132
ex1,1,Mk10,DS,6,0,2,18,14,02:17:11 16-Jun-2017,MA,Z,35.9838,-72.7591,34.5976,-80.9607,30,,401677532,-124
ex1,1,Mk10,DS,4,0,3,18,16,10:42:35 16-Jun-2017,NP,0,35.5483,-75.1444,46.7409,-131.5361,60,,401677524,-137
ex1,1,Mk10,DS,6,0,1,18,16,10:43:13 16-Jun-2017,NN,0,35.5018,-74.3853,25.2334,-26.4786,60,,401677553,-133
ex1,1,Mk10,DS,5,0,3,29,15,14:37:33 16-Jun-2017,MA,0,36.2346,-76.3140,33.7223,-62.3104,50,,401677484,-125
ex1,1,Mk10,DS,7,0,4,25,15,18:47:41 16-Jun-2017,NP,0,35.7442,-74.8078,42.4595,-43.1611,50,,401677524,-133
ex1,1,Mk10,DS,2,0,1,67,67,20:53:37 16-Jun-2017,NK,B,35.7651,-74.1643,45.8666,-22.1368,,,401677493,-135
ex1,1,Mk10,DS,3,0,3,33,16,22:10:30 16-Jun-2017,SR,A,35.2168,-75.0064,27.7209,-37.4997,,,401677506,-136
ex1,1,Mk10,DS,1,0,1,,,22:11:03 16-Jun-2017,NN,,,,,,,,401650000,-137
ex1,1,Mk10,DS,1,0,1,,,22:30:45 16-Jun-2017,NK,,,,,,,,401650000,-131
ex1,1,Mk10,DS,4,0,2,47,21,00:13:19 17-Jun-2017,NK,0,35.0902,-74.6730,26.5015,-116.5522,60,,401677760,-133
ex1,1,Mk10,DS,6,0,3,28,18,00:13:19 17-Jun-2017,MA,0,35.7799,-74.4667,46.3487,-21.5471,60,,401677591,-131
ex1,1,Mk10,DS,1,0,1,,,02:45:57 17-Jun-2017,MB,,,,,,,,401650000,-132
ex1,1,Mk10,DS,2,0,1,49,49,07:08:51 17-Jun-2017,NP,B,35.1066,-74.3860,25.8306,-30.6797,,,401677493,-139
ex1,1,Mk10,DS,1,0,1,,,13:46:38 17-Jun-2017,NN,,,,,,,,401650000,-137
ex1,1,Mk10,DS,6,0,2,27,15,14:06:54 17-Jun-2017,MA,Z,34.7067,-77.7516,29.4369,-53.0244,30,,401677795,-128
ex1,1,Mk10,DS,2,0,0,45,45,15:03:23 17-Jun-2017,MB,B,35.5012,-75.4995,36.1794,-78.6616,,,401677493,-131
ex1,1,Mk10,DS,6,0,6,46,20,18:29:44 17-Jun-2017,NP,0,35.0482,-75.0689,42.6813,-37.1215,50,,401677631,-133
ex1,1,Mk10,DS,7,0,3,20,16,20:14:20 17-Jun-2017,NP,1,35.2617,-74.9834,33.0223,-85.3532,50,,401677584,-124
ex1,1,Mk10,DS,2,0,2,16,16,21:33:48 17-Jun-2017,SR,B,35.0074,-73.9946,24.7476,-23.3465,,,401677493,-136
ex1,1,Mk10,DS,4,0,4,46,17,21:57:23 17-Jun-2017,NN,0,35.5098,-74.7157,45.4011,-28.0611,50,,401677582,-135
ex1,1,Mk10,DS,5,0,1,23,15,23:16:50 17-Jun-2017,SR,0,35.2070,-75.1196,34.2216,-70.1269,60,,401677567,-120
ex1,1,Mk10,DS,7,0,2,21,14,23:36:46 17-Jun-2017,NN,Z,35.3971,-74.2872,34.8690,-76.7324,30,,401677565,-123
ex1,1,Mk10,DS,8,0,2,23,16,01:26:22 18-Jun-2017,MA,0,35.1237,-75.8160,38.5744,-58.2150,50,,401677689,-122
ex1,1,Mk10,DS,3,0,2,72,54,03:05:54 18-Jun-2017,MA,A,35.1508,-74.2636,28.4245,-107.4796,,,401677705,-130
ex1,1,Mk10,DS,6,0,6,25,17,11:59:00 18-Jun-2017,NN,1,32.5623,-62.8240,35.2017,-74.9619,50,,401677576,-122
ex1,1,Mk10,DS,2,0,0,15,15,13:35:32 18-Jun-2017,NN,B,35.2466,-74.9817,43.2884,-108.8940,8,,401677576,-135
ex1,1,Mk10,DS,5,0,3,19,19,14:42:51 18-Jun-2017,MB,Z,35.2438,-75.5993,33.9636,-69.4040,37,,401677657,-125
ex1,1,Mk10,DS,8,0,5,22,16,21:44:03 18-Jun-2017,NK,0,34.9172,-75.0116,40.9098,-44.6044,58,,401677663,-128
ex1,1,Mk10,DS,2,0,1,58,58,21:43:46 18-Jun-2017,NP,B,35.1361,-75.4264,24.0909,-127.5543,8,,401677576,-135
ex1,1,Mk10,DS,1,0,0,,,21:45:23 18-Jun-2017,NN,,,,,,,,401650000,-137
ex1,1,Mk10,DS,7,0,5,29,15,00:24:58 19-Jun-2017,SR,0,35.0749,-75.1726,40.4352,-102.9407,50,,401677564,-124
ex1,1,Mk10,DS,4,0,2,25,18,08:27:16 19-Jun-2017,NP,2,35.1295,-74.9480,33.4696,-67.1191,60,,401677524,-121
ex1,1,Mk10,DS,2,0,1,64,64,10:08:34 19-Jun-2017,NP,B,35.0812,-75.2055,43.1754,-114.8851,8,,401677524,-136
ex1,1,Mk10,DS,3,0,2,15,15,14:23:45 19-Jun-2017,MB,A,35.1765,-74.8376,32.1208,-60.0153,8,,401677596,-124
ex1,1,Mk10,DS,8,0,6,34,16,15:09:58 19-Jun-2017,MA,1,35.1996,-74.9673,36.8006,-82.8526,58,,401677590,-116
ex1,1,Mk10,DS,4,0,3,24,18,19:48:30 19-Jun-2017,NP,,,,,,,,401650000,-123
ex1,1,Mk10,DS,1,0,1,,,21:16:41 19-Jun-2017,NK,,,,,,,,401650000,-140
ex1,1,Mk10,DS,4,0,2,25,20,23:48:38 19-Jun-2017,SR,Z,34.8911,-74.2682,37.9243,-89.2761,38,,401677626,-126
ex1,1,Mk10,DS,2,0,2,55,55,00:43:55 20-Jun-2017,NK,,,,24.1964,-128.7377,6,,401677580,-135
ex1,1,Mk10,DS,7,0,5,47,15,00:47:15 20-Jun-2017,MA,0,35.2157,-74.8477,42.1346,-39.2335,58,,401677580,-122
ex1,1,Mk10,DS,1,0,1,,,00:49:38 20-Jun-2017,NN,,,,,,,,401650000,-137
ex1,1,Mk10,DS,2,0,2,31,31,01:38:23 20-Jun-2017,MB,B,34.4206,-72.2550,35.4571,-66.3829,8,,401677580,-130
ex1,1,Mk10,DS,9,0,5,19,15,08:17:43 20-Jun-2017,NP,0,35.2351,-74.8239,32.4902,-61.7052,58,,401677550,-123
ex1,1,Mk10,DS,6,0,5,26,18,09:29:16 20-Jun-2017,SR,0,35.4358,-74.6659,41.9541,-42.2975,58,,401650000,-137
ex1,1,Mk10,DS,7,0,7,45,17,09:54:19 20-Jun-2017,NP,0,35.4430,-74.7564,42.7878,-109.4920,58,,401677597,-130
ex1,1,Mk10,DS,6,0,6,31,17,11:18:41 20-Jun-2017,NK,2,33.4369,-65.4304,35.3395,-74.6641,50,,401677589,-120
ex1,1,Mk10,DS,5,0,5,43,19,13:12:45 20-Jun-2017,NN,0,34.9869,-73.8103,40.7800,-100.9687,55,,401677765,-128
ex1,1,Mk10,DS,7,0,0,19,17,19:37:41 20-Jun-2017,NP,0,35.2871,-74.8160,36.4936,-69.0058,58,,401677654,-121
ex1,1,Mk10,DS,2,0,0,29,29,20:53:56 20-Jun-2017,NK,B,35.3330,-74.4964,45.6548,-21.3982,8,,401677581,-133
ex1,1,Mk10,DS,5,0,4,26,16,22:39:29 20-Jun-2017,NK,Z,35.3050,-75.5497,37.4644,-64.9225,38,,401677548,-132
ex1,1,Mk10,DS,7,0,4,38,16,23:04:42 20-Jun-2017,NN,0,35.4622,-74.8179,38.8580,-58.9412,58,,401677547,-129
ex1,1,Mk10,DS,9,1,3,,,00:26:24 21-Jun-2017,MA,0,35.2110,-74.6401,43.9024,-29.3702,50,,401677647,-129
ex1,1,Mk10,DS,12,3,0,,,02:07:48 21-Jun-2017,MA,0,35.3021,-74.9925,34.8611,-77.1703,,,401650000,-117
ex1,1,Mk10,DS,4,0,4,47,22,08:02:42 21-Jun-2017,NP,1,31.5498,-56.1895,35.5595,-74.6529,50,,401677602,-125
ex1,1,Mk10,DS,7,0,5,26,17,12:31:31 21-Jun-2017,NK,0,35.5986,-74.5395,41.0855,-101.1627,50,,401677692,-126
ex1,1,Mk10,DS,4,0,4,48,17,14:25:10 21-Jun-2017,MA,Z,32.7051,-62.3406,35.5385,-76.0702,30,,401677659,-123
ex1,1,Mk10,DS,5,0,3,28,15,15:19:42 21-Jun-2017,MB,0,35.3775,-74.2372,38.3260,-88.6536,50,,401677657,-127
ex1,1,Mk10,DS,5,0,3,36,16,19:30:34 21-Jun-2017,NP,0,35.6149,-74.7213,38.0028,-63.4931,60,,401677541,-129
ex1,1,Mk10,DS,5,0,1,40,18,22:49:58 21-Jun-2017,NN,1,35.7244,-74.5145,40.0708,-54.2092,50,,401677575,-132
ex1,1,Mk10,DS,10,1,1,,,22:50:35 21-Jun-2017,SR,3,32.4715,-58.7300,35.6357,-74.4505,60,,401677585,-122
ex1,1,Mk10,DS,3,0,1,72,39,23:54:06 21-Jun-2017,NK,A,35.8365,-74.6835,29.4736,-104.5281,4,,401677562,-132
ex1,1,Mk10,DS,1,0,0,,,01:02:54 22-Jun-2017,MB,,,,,,,,401650000,-132
ex1,1,Mk10,DS,4,0,1,17,15,07:52:14 22-Jun-2017,NP,0,35.7429,-74.5794,30.5940,-50.5699,68,,401677697,-125
ex1,1,Mk10,DS,4,0,0,19,16,09:59:18 22-Jun-2017,SR,Z,36.5028,-79.3442,40.4459,-57.3144,35,,401677880,-131
ex1,1,Mk10,DS,8,0,2,19,15,10:24:49 22-Jun-2017,NK,0,35.8358,-75.0214,28.6847,-41.5081,58,,401677713,-131
ex1,1,Mk10,DS,4,0,2,46,17,11:14:00 22-Jun-2017,NN,1,35.5126,-74.5364,28.2673,-40.5611,68,,401677593,-131
ex1,1,Mk10,DS,8,0,5,20,17,12:52:55 22-Jun-2017,NN,0,35.6231,-74.7828,38.4712,-88.0958,56,,401677643,-122
ex1,1,Mk10,DS,9,0,4,17,15,15:01:28 22-Jun-2017,MB,0,35.6129,-74.9412,36.1894,-77.7662,58,,401677623,-121
ex1,1,Mk10,DS,5,0,4,27,19,15:50:55 22-Jun-2017,MA,0,35.4047,-74.8436,40.5289,-101.1065,58,,401677543,-125
ex1,1,Mk10,DS,9,0,6,25,15,19:13:18 22-Jun-2017,NP,0,35.3607,-74.9473,38.8662,-57.8614,58,,401677593,-130
ex1,1,Mk10,DS,4,0,2,30,22,22:38:52 22-Jun-2017,NN,0,35.6184,-74.8650,41.3429,-48.1111,58,,401677518,-129
ex1,1,Mk10,DS,7,0,2,19,17,23:23:29 22-Jun-2017,NK,0,35.3688,-74.5382,31.6580,-92.8174,50,,401677674,-121
ex1,1,Mk10,DS,8,1,4,,,01:27:04 23-Jun-2017,MA,0,35.4442,-74.5976,38.8325,-57.8522,50,,401677586,-116
ex1,1,Mk10,DS,5,0,3,21,15,09:26:00 23-Jun-2017,NP,0,35.3959,-73.7815,39.4360,-93.7325,58,,401677476,-131
ex1,1,Mk10,DS,1,0,0,,,12:49:05 23-Jun-2017,NN,,,,,,,,401650000,-137
ex1,1,Mk10,DS,7,0,3,21,15,15:26:51 23-Jun-2017,MA,1,38.9147,-91.0453,35.6283,-74.7476,60,,401677661,-116
ex1,1,Mk10,DS,7,0,5,45,17,19:07:46 23-Jun-2017,NP,0,35.6646,-74.6568,40.3537,-52.7005,58,,401677559,-129
ex1,1,Mk10,DS,5,0,4,30,15,21:20:17 23-Jun-2017,NK,0,35.6033,-74.4140,43.6239,-33.4979,58,,401677582,-131
ex1,1,Mk10,DS,2,0,2,34,34,09:01:36 24-Jun-2017,SR,B,35.3067,-74.5382,43.7457,-30.6423,,,401677661,-136
ex1,1,Mk10,DS,2,0,1,20,20,12:26:18 24-Jun-2017,NN,B,34.1479,-72.0757,36.1595,-78.7612,,,401677661,-127
ex1,1,Mk10,DS,6,0,6,24,16,14:25:05 24-Jun-2017,MB,0,35.3071,-75.1665,31.8895,-57.7109,40,,401677527,-132
ex1,1,Mk10,DS,2,0,2,56,56,15:08:53 24-Jun-2017,MA,B,35.5126,-76.6679,36.0269,-79.3183,,,401677661,-125
ex1,1,Mk10,DS,1,0,1,,,08:31:29 25-Jun-2017,SR,,,,,,,,401650000,-136
ex1,1,Mk10,DS,6,0,5,25,17,10:05:58 25-Jun-2017,SR,Z,35.7395,-77.4370,38.6653,-61.4252,30,,401677732,-131
ex1,1,Mk10,DS,6,0,0,25,19,12:24:01 25-Jun-2017,NN,,,,,,,,401650000,-127
ex1,1,Mk10,DS,1,0,1,,,12:27:27 25-Jun-2017,NK,,,,,,,,401650000,-137
ex1,1,Mk10,DS,2,0,1,80,80,13:59:55 25-Jun-2017,NN,B,35.7297,-74.9664,44.7095,-119.0425,,,401677661,-133
ex1,1,Mk10,DS,3,0,2,27,20,15:40:22 25-Jun-2017,MB,A,35.5134,-74.7482,39.7450,-96.1547,,,401677576,-132
ex1,1,Mk10,DS,8,1,1,,,18:42:55 25-Jun-2017,NP,1,35.6590,-74.4275,42.4914,-41.9907,66,,401677574,-131
ex1,1,Mk10,DS,9,0,4,24,15,20:20:15 25-Jun-2017,NP,0,35.5840,-74.4197,32.3676,-89.8097,58,,401677619,-131
ex1,1,Mk10,DS,4,0,2,31,15,22:13:09 25-Jun-2017,NK,0,35.7390,-74.5337,39.3188,-57.1931,68,,401677546,-130
ex1,1,Mk10,DS,2,0,0,65,65,23:49:01 25-Jun-2017,NN,B,36.8734,-75.1524,34.6080,-81.1085,8,,401677574,-135
ex1,1,Mk10,DS,8,0,4,20,15,23:49:40 25-Jun-2017,NK,0,29.4127,-104.9462,35.6616,-74.4335,50,,401677676,-126
ex1,1,Mk10,DS,1,0,1,,,01:23:00 26-Jun-2017,NN,,,,,,,,401650000,-135
ex1,1,Mk10,DS,6,1,0,,,01:23:15 26-Jun-2017,MB,0,35.8274,-74.5894,40.2596,-52.8320,68,,401677528,-129
ex1,1,Mk10,DS,7,0,3,23,15,07:07:32 26-Jun-2017,NP,0,35.8585,-74.1896,26.2290,-28.7578,58,,401677568,-133
ex1,1,Mk10,DS,2,0,1,20,20,10:25:06 26-Jun-2017,NK,B,36.0719,-74.3123,28.6759,-40.6790,8,,401677629,-129
ex1,1,Mk10,DS,1,0,1,,,10:25:16 26-Jun-2017,NP,,,,,,,,401650000,-135
ex1,1,Mk10,DS,4,0,1,25,16,13:43:55 26-Jun-2017,NN,Z,35.7800,-73.8860,44.4640,-114.7568,51,,401677773,-129
ex1,1,Mk10,DS,7,0,0,21,16,23:33:49 26-Jun-2017,NN,,,,,,,,401650000,-124
ex1,1,Mk10,DS,10,0,1,21,16,23:34:18 26-Jun-2017,SR,0,35.6362,-74.9345,36.4960,-79.2431,50,,401677602,-122
ex1,1,Mk10,DS,2,0,1,20,20,01:07:55 27-Jun-2017,NN,B,35.3487,-74.9150,25.4827,-121.2727,8,,401677602,-133
ex1,1,Mk10,DS,6,0,1,28,19,03:25:41 27-Jun-2017,MA,0,35.5974,-75.0145,27.4779,-113.4074,58,,401677616,-123
ex1,1,Mk10,DS,3,0,0,19,18,10:13:08 27-Jun-2017,NP,A,35.7633,-74.7725,45.0631,-118.9863,8,,401677552,-133
ex1,1,Mk10,DS,7,0,2,19,16,10:51:52 27-Jun-2017,SR,B,35.8821,-75.3715,34.3041,-81.6060,8,,401677602,-132
ex1,1,Mk10,DS,5,0,3,33,15,11:46:18 27-Jun-2017,NK,,,,,,,,401650000,-124
ex1,1,Mk10,DS,3,0,3,95,66,13:19:55 27-Jun-2017,NK,A,35.7728,-74.3650,46.1214,-125.2324,,,401677651,-132
ex1,1,Mk10,DS,6,0,3,26,15,15:02:22 27-Jun-2017,MB,Z,35.0577,-71.5614,36.9989,-81.5548,36,,401650000,-127
ex1,1,Mk10,DS,10,0,2,30,16,15:45:51 27-Jun-2017,MA,1,35.5991,-74.6793,40.4462,-99.4231,50,,401677555,-119
ex1,1,Mk10,DS,1,0,1,,,15:11:04 30-Sep-2017,NP,,,,,,,,401650000,-121
